name,meta_score
Counter-Strike,88
Day of Defeat,79
Half-Life,96
Counter-Strike: Condition Zero,65
Half-Life: Blue Shift,71
Half-Life 2,96
Counter-Strike: Source,88
Day of Defeat: Source,80
Half-Life 2: Episode One,87
Portal,90
Half-Life 2: Episode Two,90
Team Fortress 2,92
Left 4 Dead,89
Left 4 Dead 2,89
Dota 2,90
Portal 2,95
Alien Swarm,77
Counter-Strike: Global Offensive,83
Rag Doll Kung Fu,69
Red Orchestra: Ostfront 41-45,81
Killing Floor,72
SiN Episodes: Emergence,75
Darwinia,84
Uplink,75
DEFCON,84
Multiwinia,76
Dangerous Waters,82
Space Empires IV Deluxe,79
Disciples II: Rise of the Elves ,80
Disciples II: Gallean's Return,84
Iron Warriors: T - 72 Tank Command ,56
Space Empires V,68
Arx Fatalis,77
Earth 2160,73
Two Worlds Epic Edition,65
Dark Messiah of Might & Magic,72
Quake IV,81
DOOM II,83
QUAKE,94
QUAKE III: Team Arena,69
The Ship: Murder Party,76
The Ship: Single Player,76
Bloody Good Time,73
Shadowgrounds,74
Gumboy - Crazy Adventures™,69
Vigil: Blood Bitterness™,61
Alpha Prime,59
Vampire: The Masquerade - Bloodlines,80
GUN™,76
Call of Duty®,91
Call of Duty® 2,86
Call of Duty: United Offensive,87
RollerCoaster Tycoon® 3: Platinum,81
Act of War: Direct Action,82
ARMA: Combat Operations,74
X2: The Threat,72
X3: Reunion,71
X3: Terran Conflict,73
X: Beyond the Frontier,67
X Rebirth,33
Sub Command,84
FlatOut 2™,76
Xpand Rally,82
Call of Juarez,72
Men of War: Red Tide,77
King's Bounty: Armored Princess,82
Genesis Rising,57
Safecracker: The Ultimate Puzzle Adventure,69
Painkiller Overdose,65
Peggle™ Nights,76
Bejeweled Twist,78
Plants vs. Zombies GOTY Edition,87
Zuma's Revenge!,78
Sniper Elite,76
Judge Dredd: Dredd vs. Death,55
Evil Genius,75
Advent Rising,70
BloodRayne,65
BloodRayne 2,67
Psychonauts,87
Sid Meier's Civilization® IV,94
Sid Meier's Civilization® III Complete,90
Sid Meier's Pirates!,88
Shattered Union,67
CivCity: Rome,67
Civilization IV®: Warlords,84
RACE - The WTCC Game,81
RoboBlitz,80
Silverfall,62
S.T.A.L.K.E.R.: Shadow of Chernobyl,82
Full Spectrum Warrior,80
Full Spectrum Warrior: Ten Hammers,70
Company of Heroes - Legacy Edition,93
"Warhammer® 40,000: Dawn of War® - Game of the Year Edition",86
"Warhammer® 40,000: Dawn of War® - Dark Crusade",87
Total War: MEDIEVAL II – Definitive Edition,88
Condemned: Criminal Origins,78
Rome: Total War™ - Collection,92
Rome: Total War™ - Alexander,79
Medieval II: Total War™ Kingdoms,85
Heroes of Annihilated Empires,65
Cossacks: Back to War,60
Cossacks: Art of War,74
Cossacks: European Wars,74
Cossacks II: Battle for Europe,69
Natural Selection 2,80
STAR WARS™ Republic Commando™,78
STAR WARS™ Jedi Knight - Jedi Academy™,81
STAR WARS™ Jedi Knight II - Jedi Outcast™,89
"Star Wars: Battlefront 2 (Classic, 2005)",65
Thrillville®: Off the Rails™,70
Armed and Dangerous®,78
Shank,67
Ghost Master®,81
FlatOut,72
Making History: The Calm & the Storm,70
Ducati World Championship,35
Dreamfall: The Longest Journey,75
The Longest Journey,91
Bloodline Champions,79
Joint Task Force,68
Nexus - The Jupiter Incident,77
Lost Planet™: Extreme Condition,66
Devil May Cry® 3 Special Edition,66
Commandos 2: Men of Courage,87
Commandos 3: Destination Berlin,72
Hitman 2: Silent Assassin,87
Hitman: Blood Money,82
Battlestations: Midway,76
Just Cause,75
Hitman: Codename 47,73
Deus Ex: Game of the Year Edition,90
Deus Ex: Invisible War,80
Thief: Deadly Shadows,85
Tomb Raider: Legend,82
Project: Snowblind,76
Rogue Trooper,69
Jade Empire™: Special Edition,81
Trackmania United Forever,80
"Runaway, A Road Adventure",74
"Runaway, The Dream of The Turtle",67
Loki,61
X-Blades,54
Two Worlds II HD,75
Sid Meier's Railroads!,77
Railroad Tycoon 3,80
Railroad Tycoon II Platinum,89
BioShock™,96
X-COM: Enforcer,65
Men of War™,80
Death Track®: Resurrection,53
NecroVision,63
Call of Duty® 4: Modern Warfare®,92
Tomb Raider: Anniversary,83
Kane and Lynch: Dead Men™,67
Conflict: Denied Ops,58
Tomb Raider: Underworld,80
Battlestations Pacific,74
Just Cause 2,84
"Sam & Max 103: The Mole, the Mob and the Meatball",74
Sam & Max 201: Ice Station Santa,82
Sam & Max 202: Moai Better Blues,80
Sam & Max 203: Night of the Raving Dead,79
Sam & Max 204: Chariots of the Dogs,85
Bone: Out From Boneville,68
Bone: The Great Cow Race,76
Strong Bad's Cool Game for Attractive People: Season 1,82
Geometry Wars: Retro Evolved,76
EVE Online,88
RACE 07,83
RACE On,73
GTR 2 FIA GT Racing Game,85
Civilization IV: Beyond the Sword,86
BioShock® 2,88
BioShock Infinite,94
Freedom Force,90
Freedom Force vs. the Third Reich,86
Sid Meier's Civilization® V,90
Borderlands Game of the Year,81
Return to Castle Wolfenstein,88
DOOM 3,87
RAGE,79
Company of Heroes: Opposing Fronts,87
Supreme Commander,86
Supreme Commander: Forged Alliance,81
Frontlines™: Fuel of War™,73
Saints Row 2,72
Gish,80
Desperados 2: Cooper's Revenge,66
Tycoon City: New York,67
Act of War: High Treason,74
Death to Spies,69
Codename: Panzers - Cold War,67
Champions Online,72
Star Trek Online,66
Blade Kitten,52
The UnderGarden,67
Call of Duty: World at War,83
TimeShift™,71
Prototype™,79
Call of Duty®: Modern Warfare® 2,86
Postal III,24
A Stroke of Fate: Operation Valkyrie,58
The Club™,67
Total War: EMPIRE – Definitive Edition,90
Beijing 2008™ - The Official Video Game of the Olympic Games,52
Aliens vs. Predator™,68
Sherlock Holmes - Nemesis,71
Sherlock Holmes: The Mystery of the Mummy,61
Sherlock Holmes: The Awakened - Remastered Edition,72
Sherlock Holmes: The Silver Earring,68
Sherlock Holmes versus Jack the Ripper,73
Shadowgrounds Survivor,79
Space Trader: Merchant Marine,53
Pacific Storm,67
Pacific Storm Allies,60
Larva Mortus,64
Nikopol: Secrets of the Immortals,68
Overlord™,81
Soldiers: Heroes of World War II,77
Hospital Tycoon,51
Grand Theft Auto III,93
Grand Theft Auto: Vice City,94
Grand Theft Auto: San Andreas,93
Manhunt,75
Max Payne,89
Max Payne 2: The Fall of Max Payne,86
Midnight Club 2,81
Bully: Scholarship Edition,72
Grand Theft Auto IV: The Complete Edition,90
Culpa Innata,66
Sacred Gold,74
Darkstar One,71
Jack Keane,69
FlatOut: Ultimate Carnage,79
Perimeter 2: New Earth,43
Port Royale 2,75
PuzzleQuest: Challenge of the Warlords,84
Rise of the Argonauts,59
Damnation,41
Overlord II,79
Operation Flashpoint: Dragon Rising,76
AudioSurf,85
Ninja Reflex: Steamworks Edition,57
America's Army 3,70
Unreal 2: The Awakening,75
Unreal Tournament 3 Black,83
Unreal Tournament 2004: Editor's Choice Edition,93
Prince of Persia: Warrior Within™,83
Far Cry®,89
Prince of Persia: The Two Thrones™,85
Tom Clancy's Rainbow Six® Vegas,85
Tom Clancy's Splinter Cell®,91
Tom Clancy's Splinter Cell Chaos Theory®,92
Tom Clancy's Splinter Cell Double Agent®,80
Prince of Persia®: The Sands of Time,89
Tom Clancy's Ghost Recon® Desert Siege™,82
Tom Clancy's Ghost Recon® Island Thunder™,82
Tom Clancy's Rainbow Six Lockdown™,59
Rayman Raving Rabbids™,58
Assassin's Creed™: Director's Cut Edition,79
Tom Clancy's Rainbow Six® Vegas 2,78
Beyond Good and Evil™,83
Heroes of Might & Magic V,77
Brothers in Arms: Road to Hill 30™,87
Silent Hunter®: Wolves of the Pacific,79
Silent Hunter® III,90
Cold Fear™,66
IL-2 Sturmovik: 1946,86
Tom Clancy's Ghost Recon®,80
Heroes of Might & Magic V: Tribes of the East,70
Heroes of Might & Magic V: Hammers of Fate,66
Brothers in Arms: Hell's Highway™,79
The Wonderful End of the World,69
"Warhammer 40,000: Dawn of War II",85
Everyday Shooter,77
F.E.A.R. 2: Project Origin,79
Insecticide Part 1,65
Velvet Assassin,61
Legendary,50
Sid Meier's Civilization IV: Colonization,83
Tribes: Ascend,86
Children of the Nile: Enhanced Edition,75
Hinterland,65
Crysis,91
Crysis Warhead®,84
SPORE™,84
Mirror's Edge™,81
Need for Speed Undercover,65
Dragon Age: Origins,91
Mass Effect,89
Dead Space,86
Command & Conquer: Red Alert 3,82
Nuclear Dawn,71
DeathSpank,77
DeathSpank: Thongs of Virtue,78
The Baconing,63
Unstoppable Gorg,73
Crazy Machines 2,72
Crazy Machines,78
Crazy Machines 1.5,78
Helldorado,65
Mata Hari,63
Defense Grid: The Awakening,81
And Yet It Moves,75
Silent Hill Homecoming,64
Rocket Knight,63
Brothers in Arms: Earned in Blood™,84
The Sum of All Fears,72
Tom Clancy's Rainbow Six® 3 Gold,85
Far Cry® 2: Fortune's Edition,85
Prince of Persia®,82
Red Faction Guerrilla Steam Edition,82
S.T.A.L.K.E.R.: Clear Sky,75
Red Faction,78
Company of Heroes: Tales of Valor,70
Red Faction II,64
"Warhammer® 40,000: Dawn of War® II Chaos Rising",85
Mr. Robot,83
Shatter,84
The Witcher: Enhanced Edition Director's Cut,86
The Witcher 2: Assassins of Kings Enhanced Edition,88
LEGO® Batman™: The Videogame,80
Watchmen: The End is Nigh,61
Watchmen: The End is Nigh Part 2,44
F.E.A.R.,88
F.E.A.R. 3,74
LEGO® Harry Potter: Years 1-4,79
Flock!,65
Street Fighter® IV,91
Bionic Commando,69
Bionic Commando: Rearmed,86
Resident Evil™ 5/ Biohazard 5®,86
Driver® Parallel Lines,61
Tom Clancy's EndWar™,68
Call of Juarez: Bound in Blood,78
World of Goo,90
Mount & Blade,72
Penumbra: Black Plague Gold Edition,78
Hearts of Iron 2 Complete,83
Penumbra Overture,73
Zeno Clash,77
Rock of Ages,74
Fallout 3,91
Rogue Warrior,29
The Elder Scrolls III: Morrowind® Game of the Year Edition,89
The Elder Scrolls IV: Oblivion® Game of the Year Edition,94
BRINK,70
Fallout 3: Game of the Year Edition,91
Fallout: New Vegas,84
Hunted: The Demon’s Forge™,61
Worms Reloaded,79
Alien Breed: Impact,64
Alien Breed 2: Assault,63
Alien Breed 3: Descent,64
The Last Remnant™,66
Gyromancer,71
Imperium Romanum Gold Edition,63
Europa Universalis: Rome - Gold Edition ,79
Grand Ages: Rome,72
Ceville,73
Tropico 3,79
Puzzle Quest: Galactrix,72
Earth Defense Force: Insect Armageddon,69
Depths of Peril,79
DC Universe™ Online,72
PAYDAY™ The Heist,76
King Arthur - The Role-playing Wargame,79
Aquaria,82
King Arthur: Fallen Champions,54
King Arthur II: The Role-Playing Wargame,66
Burnout Paradise: The Ultimate Box,87
SimCity™ 4 Deluxe Edition,84
Command & Conquer 3: Tiberium Wars,85
Command & Conquer: Red Alert 3 - Uprising,64
Command & Conquer 3: Kane's Wrath,77
Medal of Honor: Airborne,78
Need for Speed: Shift,83
Battlefield: Bad Company™ 2,87
Mass Effect 2,94
Eschalon: Book I,75
Madballs in Babo:Invasion,79
Europa Universalis III Complete,83
Europa Universalis III: Divine Wind,71
Knights of Honor,77
Elven Legacy,71
Sword of the Stars: Complete Collection,75
Hearts of Iron III,77
King's Bounty: The Legend,79
Supreme Ruler 2020 Gold,65
East India Company,67
Majesty 2,72
The Maw,75
Drug Wars,35
Cogs,73
Braid,90
Crayon Physics Deluxe,79
The Path,79
Blacklight: Tango Down,65
Dangerous High School Girls in Trouble!™,81
Mevo and The Grooveriders,72
Twin Sector,49
Dead Horde,45
Kane & Lynch 2: Dog Days,66
Blueberry Garden,68
Osmos,80
Guild Wars<sup>®</sup> Game of the Year Edition,89
Guild Wars Factions<sup>®</sup>,84
Guild Wars Nightfall<sup>®</sup>,84
Guild Wars: Eye of the North®,79
Dark Sector,66
Tales of Monkey Island Complete Pack,79
Puzzle Agent,70
Poker Night at the Inventory,71
Back to the Future: The Game,74
Tunnel Rats,30
Iron Grip: Warlord,59
Nancy Drew®: Danger by Design,70
Nancy Drew®: Last Train to Blue Moon Canyon,77
Nancy Drew®: The Haunted Carousel,85
Nancy Drew®: Curse of Blackmoor Manor,81
Nancy Drew®: Danger on Deception Island,81
Nancy Drew®: Legend of the Crystal Skull,79
Nancy Drew®: Secret of the Old Clock,80
Nancy Drew®: The Creature of Kapu Cave,68
Nancy Drew®: The Haunting of Castle Malloy,81
Nancy Drew®: The Phantom of Venice,69
Nancy Drew®: The White Wolf of Icicle Creek,73
Nancy Drew®: Ransom of the Seven Ships,78
LEGO® Indiana Jones™: The Original Adventures,78
STAR WARS™ Starfighter™,71
The Secret of Monkey Island: Special Edition,86
STAR WARS™ - Knights of the Old Republic™,93
STAR WARS™ Jedi Knight: Dark Forces II,91
Lucidity™,59
STAR WARS™: The Clone Wars - Republic Heroes™,46
STAR WARS™ - The Force Unleashed™ Ultimate Sith Edition,65
LEGO® Star Wars™ - The Complete Saga,77
LEGO® Indiana Jones™ 2: The Adventure Continues,66
Monkey Island™ 2 Special Edition: LeChuck’s Revenge™,87
STAR WARS™: The Force Unleashed™ II,59
LEGO® Star Wars™ III - The Clone Wars™,76
Delta Force Xtreme 2,40
Delta Force Land Warrior,74
Delta Force: Task Force Dagger,51
Delta Force: Xtreme,65
Delta Force: Black Hawk Down,77
Delta Force — Black Hawk Down: Team Sabre,70
Comanche 4,74
Lord of the Rings: War in the North,66
Restaurant Empire II,64
Dawn of Discovery™,82
Tom Clancy's Splinter Cell Conviction™ Deluxe Edition,83
Assassin's Creed 2 Deluxe Edition,86
Prince of Persia: The Forgotten Sands™,75
Zeit²,72
From Dust,76
Patrician III,75
Broken Sword 3 - the Sleeping Dragon,82
Disciples III - Renaissance Steam Special Edition,56
Arma 2,77
Arma 2: Operation Arrowhead,73
Alternativa,63
Alpha Protocol™,72
Total War: NAPOLEON – Definitive Edition,81
Vancouver 2010™ - The Official Video Game of the Olympic Winter Games,57
Sonic & SEGA All-Stars Racing,65
Total War: SHOGUN 2,90
Death to Spies: Moment of Truth,73
Light of Altair,66
Order of War™,69
Massive Assault,77
Chronicles of Mystery: The Scorpio Ritual,62
Project Freedom,71
Sniper: Ghost Warrior,55
Sniper: Ghost Warrior 2,52
Razor2: Hidden Skies,61
Mini Ninjas,74
Batman: Arkham Asylum Game of the Year Edition,91
Lara Croft and the Guardian of Light,82
Clutch,51
Red Orchestra 2: Heroes of Stalingrad with Rising Storm,76
The Ball,68
Trine Enchanted Edition,80
Trine 2: Complete Story,84
The Void,77
Ninja Blade,61
UFO: Extraterrestrials Gold,68
Emerald City Confidential™,71
"Time Gentlemen, Please! and Ben There, Dan That! Special Edition  Double Pack",84
Darkest of Days,51
Quantz,67
Roogoo,72
Hotel Giant 2,58
Fallout: A Post Nuclear Role Playing Game,89
Fallout 2: A Post Nuclear Role Playing Game,86
Fallout Tactics: Brotherhood of Steel,82
MDK,83
MDK 2,83
Toki Tori,80
RIFT,84
Dungeon Siege III,72
Dungeon Siege,86
Dungeon Siege II,80
FINAL FANTASY XIV Online,83
Gothic® 3,63
The Guild Gold Edition,82
SpellForce - Platinum Edition,74
SpellForce 2 - Anniversary Edition,80
Painkiller: Resurrection,38
AquaNox,67
AquaNox 2: Revelation,59
The Guild II,61
The Guild II - Pirates of the European Seas,63
The Guild II Renaissance,56
ArcaniA,63
Supreme Commander 2,77
Risen,77
Rush for Berlin Gold,76
Secret Files: Tunguska,66
Secret Files 2: Puritas Cordis,64
Lost Horizon,77
nail'd,69
Risen 2: Dark Waters,69
AI War: Fleet Command,80
Tidalis,75
Machinarium,85
Super Meat Boy,87
The Misadventures of P.B. Winterbottom,79
Stronghold HD,81
Stronghold Legends: Steam Edition,57
Mafia,88
Serious Sam HD: The First Encounter,68
Serious Sam HD: The Second Encounter,76
Serious Sam Classic: The First Encounter,87
Serious Sam Classic: The Second Encounter,85
Serious Sam 3: BFE,72
Altitude,79
Torchlight,83
S.T.A.L.K.E.R.: Call of Pripyat,80
Cargo! The Quest for Gravity,64
Gratuitous Space Battles,72
The Bard's Tale,70
Lead and Gold: Gangs of the Wild West,70
Hamilton's Great Adventure,77
Krater,52
Singularity™,76
Call of Duty®: Modern Warfare® 3,78
Call of Duty®: Black Ops,81
Hearts of Iron III: Semper Fi,65
Magicka,74
The Kings' Crusade,71
Elven Legacy: Ranger,68
Victoria II,75
Sword of the Stars II: Enhanced Edition,65
Front Mission Evolved,63
The Haunted: Hells Reach,51
M.U.D. TV,53
Nancy Drew®: Warnings at Waverly Academy,76
GRID 2,80
F1 2011,83
GTR - FIA GT Racing Game,85
RACE Injection,72
GT Legends,84
Sol Survivor,75
Wings of Prey,78
Ignite,59
Fortix 2,74
Devil May Cry 4,78
Dark Void™,57
Lost Planet: Extreme Condition Colonies Edition,70
Dead Rising® 2,78
Lost Planet® 2,63
Ultra Street Fighter® IV,82
Dead Rising 2: Off the Record,66
Bob Came in Pieces,73
Theatre of War,66
Theatre of War 2: Africa 1943,63
Rig n Roll,61
Reign: Conflict of Nations,60
Avencast: Rise of the Mage,68
Grotesque Tactics: Evil Heroes,65
Still Life,75
Still Life 2,67
Syberia,82
Syberia II,80
Trapped Dead,50
Post Mortem,71
Robin Hood: The Legend of Sherwood,80
Dark Fall: Lost Souls,75
Making History II: The War of the World,38
Armada 2526,66
Stronghold Kingdoms,75
Puzzle Quest 2,83
Command & Conquer 4: Tiberian Twilight,64
Dragon Age™: Origins Awakening,82
Dead Space™ 2,87
Medal of Honor™,72
RISK™: Factions,77
Dragon Age: Origins - Ultimate Edition,91
Need For Speed: Hot Pursuit,86
Battlefield: Bad Company 2 Vietnam,86
The Sims™ 3,86
Shift 2 Unleashed,84
LIMBO,88
Silent Hunter 5®: Battle of the Atlantic,62
Assassin’s Creed® Brotherhood,88
Might & Magic: Heroes VI,77
Anno 2070™,83
Mount & Blade: Warband,78
Mount & Blade: With Fire & Sword,68
Ship Simulator Extremes,49
Greed Corp,76
Commander: Conquest of the Americas,68
Pirates of Black Cove,56
Duels of the Planeswalkers Gold Deck Bundle,69
Magic: The Gathering - Duels of the Planeswalkers 2012,77
Borderlands 2,89
Beat Hazard,70
CreaVures,55
Plain Sight,76
Nimbus,80
Mafia II,77
Spec Ops: The Line,76
Burn Zombie Burn!,72
Darksiders™,83
Max and the Magic Marker,71
Flotilla,72
Atom Zombie Smasher,75
Homefront,70
Red Faction®: Armageddon™,75
"Warhammer 40,000: Space Marine",74
Saints Row: The Third,84
Puzzle Dimension,79
Amnesia: The Dark Descent,85
Patrician IV - Steam Special Edition,66
Dungeons,65
The First Templar - Steam Special Edition,57
Tropico 4,78
Who's That Flying?!,76
Jagged Alliance - Back in Action,62
Doc Clock: The Toasted Sandwich of Time,62
Duke Nukem Forever,54
Jolly Rover,71
MacGuffin's Curse,73
Turba,76
Blood Bowl - Legendary Edition,73
A Game of Thrones - Genesis,53
Runaway: A Twist of Fate,79
The Next BIG Thing,75
Wargame: European Escalation,81
Age of Wonders II: The Wizard's Throne,86
Age of Wonders Shadow Magic,82
Might & Magic: Clash of Heroes,76
HOARD,65
Monday Night Combat,82
Sniper Elite V2,66
Riven: The Sequel to MYST,83
Fantasy Wars,67
King's Bounty: Crossworlds,78
Men of War: Vietnam,68
IL-2 Sturmovik: Cliffs of Dover,60
Theatre of War 3: Korea,49
Men of War: Assault Squad,77
Kaptain Brawe: A Brawe New World,69
Dustforce DX,79
Aura: Fate of the Ages,63
SpellForce 2: Faith in Destiny,55
Gothic 1,81
Gothic 3: Forsaken Gods Enhanced Edition,44
ArcaniA: Fall of Setarrif,41
Take On Helicopters,70
Carrier Command: Gaea Mission,60
Dungeon Defenders,81
The Bureau: XCOM Declassified,66
Sid Meier's Civilization®: Beyond Earth™,81
The Darkness II,77
Dino D-Day,53
VVVVVV,81
Recettear: An Item Shop's Tale,82
Chantelise - A Tale of Two Sisters,62
Worms Ultimate Mayhem,66
Worms Blast,73
Evochron Mercenary,70
Sonic Generations Collection,77
Closure,78
Universe Sandbox Legacy,83
The Elder Scrolls V: Skyrim,94
Cities in Motion,70
Defenders of Ardania,58
Darkest Hour: A Hearts of Iron Game,81
Pride of Nations,70
Sengoku,70
Supreme Ruler: Cold War,63
Bejeweled® 3,82
APOX,48
Fate of the World,70
Gemini Rue,82
The Blackwell Legacy,80
Blackwell Deception,73
Guardians of Graxia,55
SkyDrift,73
Anomaly: Warzone Earth,80
Iron Front: Digital War Edition,55
Sanctum,70
Post Apocalyptic Mayhem,44
Hydrophobia: Prophecy,64
A.R.E.S.: Extinction Agenda,68
Xotic,67
Shadow Harvest: Phantom Ops,34
SpaceChem,84
Revenge of the Titans,79
Jamestown,81
The Dream Machine: Chapter 1 & 2,75
Nidhogg,81
Puzzle Agent 2,63
Hector: Badge of Carnage - Full Series,75
Super Splatters,73
Capsized,80
ibb & obb,83
Air Conflicts: Secret Wars,65
The Tiny Bang Story,63
Steel Storm: Burning Retribution,55
Nexuiz,54
Solar 2,72
Section 8®: Prejudice™,77
Kohan: Immortal Sovereigns,87
Kohan: Ahriman's Gift,79
Kohan II: Kings of War,81
Magic: The Gathering - Duels of the Planeswalkers 2013,77
Trauma,62
Frozen Synapse,85
Toy Soldiers,71
Hard Reset Extended Edition,73
Naval Warfare,57
Dungeons of Dredmor,79
Dungeons and Dragons: Daggerdale,49
Yar's Revenge,56
YOU DON’T KNOW JACK®,71
Renegade Ops,76
Garshasp: The Monster Slayer,49
NightSky,78
Crysis 2 - Maximum Edition,86
Spiral Knights,64
Puzzle Pirates,78
Runespell: Overture,69
Vertex Dispenser,70
Kingdoms of Amalur: Reckoning™,81
Orcs Must Die!,83
Shank 2,72
Warp,75
A New Beginning - Final Cut,72
Lume,69
Critical Mass,81
Age of Empires® III: Complete Collection,81
Terraria,83
Tobe's Vertical Adventure,75
PixelJunk™ Eden,81
Bastion,86
Space Pirates and Zombies,74
Cthulhu Saves the World,78
Arma 3,74
Waves,82
Rochard,81
Starpoint Gemini,46
Vessel,81
Death Rally,62
Alan Wake,83
Neverwinter,74
Achron,54
inMomentum,59
L.A. Noire,83
Blocks That Matter,72
Guardians of Middle-earth,56
Avadon: The Black Fortress,75
Monaco: What's Yours Is Mine,83
The Binding of Isaac,84
APB Reloaded,56
Fallen Earth Free2Play,71
Stacking,80
Iron Brigade,75
Cossacks II: Napoleonic Wars,73
American Conquest,76
American Conquest: Fight Back,66
Prototype 2,76
Owlboy,88
Quantum Conundrum,77
Global Ops: Commando Libya,37
Worms Revolution,73
Sideway™ New York,71
Realm of the Mad God,82
Off-Road Drive,60
Batman: Arkham City - Game of the Year Edition,91
A Game of Dwarves,60
Oil Rush,67
SOL: Exodus,57
Memento Mori,66
XCOM: Enemy Unknown,89
Dungeons - The Dark Lord,72
Disciples III - Resurrection,63
Torchlight II,88
Cave Story+,83
Before the Echo,70
EverQuest II,83
Total War Saga: FALL OF THE SAMURAI,86
Sins of a Solar Empire: Trinity®,87
Serious Sam: The Random Encounter,64
Airline Tycoon 2,57
Flatout 3: Chaos & Destruction,23
Orcs Must Die! 2,83
Wolfenstein: The New Order,81
Assassin's Creed® Revelations,80
Choplifter HD,65
Impire,45
Galactic Civilizations® II: Ultimate Edition,92
Ridge Racer™ Unbounded,72
Demigod,76
Alan Wake's American Nightmare,73
Call of Duty®: Black Ops II,74
Hitman: Absolution™,79
Tomb Raider,86
King's Bounty: Warriors of the North,74
Fortune Summoners,60
Warlock - Master of the Arcane,71
Sonic the Hedgehog 4 - Episode II,54
F1 RACE STARS™,62
Binary Domain,68
Crusader Kings II,82
The Dark Eye: Chains of Satinav,75
Fable - The Lost Chapters,83
Superbrothers: Sword & Sworcery EP,83
Max Payne 3,87
LEGO® Harry Potter: Years 5-7,80
Waveform,81
Snapshot,74
The Bridge,74
Awesomenauts - the 2D moba,78
Serious Sam 2,74
Pineapple Smash Crew ,62
Call of Juarez: Gunslinger,79
Infested Planet,75
Confrontation,51
Deep Black: Reloaded,39
Men of War: Condemned Heroes,57
Sins of a Solar Empire: Rebellion®,82
Crusader Kings Complete,73
Lumino City,70
BIT.TRIP FATE,74
Dishonored,91
Rocksmith™,78
Hell Yeah! Wrath of the Dead Rabbit,64
Gratuitous Tank Battles,69
The Testament of Sherlock Holmes,73
EverQuest,85
Insanely Twisted Shadow Planet,76
Jagged Alliance: Crossfire,63
Yesterday,65
Tiny and Big: Grandpa's Leftovers,75
Warlock 2: The Exiled,73
Gunpoint,83
Clan of Champions,42
Tales From Space: Mutant Blobs Attack,83
Saints Row IV,86
To the Moon,81
Painkiller: Recurring Evil,38
Sine Mora,77
SpeedRunners,84
Stellar Impact,74
Legend of Grimrock,82
Fireburst,59
Cubemen,74
Ys: The Oath in Felghana,73
Ys Origin,76
Wizorb,81
Rayman® Origins,86
Noitu Love 2: Devolution,80
The Walking Dead,82
A Virus Named TOM,65
Botanicula,82
Symphony,75
Jane's Advanced Strike Fighters,48
Sacred Citadel,61
Loadout,72
Myst V: End of Ages,80
Endless Space® - Collection,77
Doom 3: BFG Edition,87
Avernum: Escape From the Pit,76
Tryst,50
Assassin’s Creed® III,80
F1 2012™,80
Omerta - City of Gangsters,54
Batman™: Arkham Knight,70
Blades of Time,63
Colour Bind,66
Game of Thrones,58
Apotheon,78
Batman™: Arkham Origins,74
Drunken Robot Pornography,66
Guns of Icarus Online,64
Resident Evil: Operation Raccoon City,48
Street Fighter X Tekken,79
Call of Duty®: Ghosts,68
Stealth Bastard Deluxe,80
A Valley Without Wind,54
Analogue: A Hate Story,62
Strike Suit Zero,66
Magrunner: Dark Pulse,70
Call of Duty®: Advanced Warfare - Gold Edition,78
Cortex Command,44
Cannon Fodder 3,49
Splice,70
Lone Survivor: The Director's Cut,81
Blacklight: Retribution,75
Fray: Reloaded Edition,27
Sanctum 2,77
Cloudberry Kingdom™,67
The Witness,87
Check vs Mate,69
Viking: Battle for Asgard,65
Unmechanical,74
They Bleed Pixels,74
Primal Fears,39
Offspring Fling!,79
Deadlight,78
Thief™ Gold,92
Thief™ II: The Metal Age,87
Conflict Desert Storm™,56
Starbound,81
Galaxy on Fire 2™ Full HD,63
Kung Fu Strike - The Warrior's Rise,63
Resonance,76
Star Conflict,75
Vindictus,76
Inversion™,59
The Lord of the Rings Online™,86
Tom Clancy's Ghost Recon: Future Soldier™,71
FTL: Faster Than Light,84
LEGO® Batman™ 2: DC Super Heroes,81
MDK2 HD,73
South Park™: The Stick of Truth™,85
Magic 2014 — Duels of the Planeswalkers,77
Rigonauts,60
Galactic Civilizations® I: Ultimate Edition,83
Divine Divinity,81
Minimum,69
I Am Alive,66
Deponia,74
Tower Wars,59
Alien: Isolation,81
LEGO® The Lord of the Rings™,80
Call of Duty: Black Ops - Mac Edition,81
Thirty Flights of Loving,88
Space Rangers HD: A War Apart,68
Guacamelee! Gold Edition,88
Half Minute Hero: Super Mega Neo Climax Ultimate Boy,75
Painkiller Hell & Damnation,64
Total War™: ROME II - Emperor Edition,76
Intrusion 2,80
WAKFU,76
Ragnarok Online,79
The Book of Unwritten Tales,82
Secret World Legends,76
Primal Carnage,67
Rocketbirds: Hardboiled Chicken,74
The Incredible Adventures of Van Helsing,72
Demonicon,61
Zeno Clash 2,61
 Fieldrunners 2,73
Shad'O,68
Dream Pinball 3D,61
Tiny Troopers,57
Gemini Wars,53
Secret Files 3,67
Gateways,72
Blood Bowl: Chaos Edition,72
Of Orcs And Men,69
Dementium II HD,37
Rise of the Triad,67
Karateka,48
Din's Curse,76
Anna - Extended Edition,75
Alien Rage - Unlimited,52
BIT.TRIP Presents... Runner2: Future Legend of Rhythm Alien,85
Unity of Command: Stalingrad Campaign,84
PlanetSide 2,84
PAYDAY 2,79
Lucius,59
Scribblenauts Unlimited,75
Pid,63
Mercenary Kings: Reloaded Edition,76
Hotline Miami,85
The Banner Saga: Factions,67
Chivalry: Medieval Warfare,79
Proteus,80
Beyond Divinity,73
King Arthur's Gold,81
Antichamber,82
Edna & Harvey: Harvey's New Eyes,75
Grim Dawn,83
The Journey Down: Chapter One,72
Trials Evolution: Gold Edition,85
Kerbal Space Program,88
Far Cry 3,88
Farming Simulator 2013 Titanium Edition,65
DmC: Devil May Cry,85
Cargo Commander,63
StarDrive,61
Chaos on Deponia,78
Thomas Was Alone,77
McPixel,76
Resident Evil 6 / Biohazard 6,69
Little Inferno,68
Age of Empires II (2013),68
DG2: Defense Grid 2,81
Super Hexagon,88
The Book of Unwritten Tales: The Critter Chronicles,73
The Stanley Parable,88
Mushroom Men: Truffle Trouble,55
Resident Evil Revelations / Biohazard Revelations,77
Aarklash: Legacy,72
Reus,75
Wargame: Airland Battle,80
Insurgency,74
THE KING OF FIGHTERS XIII STEAM EDITION,77
Homefront®: The Revolution,54
Giana Sisters: Twisted Dreams,77
Miner Wars 2081,52
Dyad,80
POSTAL 2,59
Miasmata,76
Fly'N,80
Xenonauts,77
Legacy of Kain: Defiance,70
Contrast,62
Octodad: Dadliest Catch,69
Defiance,64
Clockwork Empires,58
FEZ,91
Super House of Dead Ninjas,79
Arma Tactics,47
Iron Sky: Invasion,49
Legacy of Kain: Soul Reaver 2,77
Tomb Raider V: Chronicles,57
Brothers - A Tale of Two Sons,90
Brutal Legend,80
DARK,41
Cities in Motion 2,72
Just Cause™ 3,74
Blade Symphony,72
PixelJunk™ Nom Nom Galaxy,68
Weird Worlds: Return to Infinite Space,79
Escape Dead Island,52
F1 2014,61
Desktop Dungeons,82
LOST PLANET® 3,61
Age of Wonders III,80
Galactic Civilizations III,81
Ironclad Tactics,69
Primordia,72
Rise of Venice,66
Papo & Yo,70
Sniper Elite: Nazi Zombie Army,62
Waking Mars,79
Sang-Froid - Tales of Werewolves,79
Euro Truck Simulator 2,79
God Mode,58
"10,000,000",67
Castle of Illusion,69
March of the Eagles,71
Retrovirus,70
Company of Heroes,93
Fallen Enchantress: Legendary Heroes,80
Baldur's Gate: Enhanced Edition,78
Remember Me,65
A Valley Without Wind 2,68
Full Throttle Remastered,77
Wreckfest,81
Ace Combat Assault Horizon - Enhanced Edition,77
Cubemen 2,68
TrackMania² Canyon,81
Skulls of the Shogun,72
Dungeons & Dragons: Chronicles of Mystara,80
Dungeon Hearts,73
Dream,59
Bientôt l'été,62
Might & Magic: Heroes VI - Shades of Darkness,66
A Fistful of Gun,60
ShootMania Storm,76
Armada 2526 Gold Edition,66
The Age of Decadence,81
Incredipede,74
War for the Overworld,65
Divinity: Original Sin (Classic),87
N++ (NPLUSPLUS),90
Universe Sandbox,83
Akaneiro: Demon Hunters,53
Warframe,69
Lords of Football,52
La-Mulana,80
The Night of the Rabbit,75
Daylight,51
Cannon Brawl,72
Starseed Pilgrim,83
Storm,63
Beatbuddy: Tale of the Guardians,75
The Swapper,87
Kentucky Route Zero: PC Edition,81
MirrorMoon EP,73
Deadfall Adventures,53
Company of Heroes 2,80
Eador. Masters of the Broken World,74
Killing Floor 2,75
Gone Home,86
Mars: War Logs,59
POSTAL,56
Broken Age,73
Stronghold Crusader 2,65
TrackMania² Stadium,77
Thunder Wolves,69
Defense Technica,63
Shadow Warrior,73
LUFTRAUSERS,80
Final Exam,66
Air Conflicts: Vietnam,43
Kairo,76
Far Cry 3 - Blood Dragon,81
Murdered: Soul Suspect,59
Avadon 2: The Corruption,82
Prison Architect,83
Evoland,61
Distance,74
Surgeon Simulator,71
Worms Clan Wars,73
Kenshi,75
UnEpic,68
Mad Max,73
Strike Suit Infinity,66
Ken Follett's The Pillars of the Earth,78
Zack Zero,55
Shattered Haven,59
Teleglitch: Die More Edition,78
Rush Bros.,54
Rising Storm Game of the Year Edition,82
Project CARS,83
Shadowrun Returns,76
NARUTO SHIPPUDEN: Ultimate Ninja STORM 3 Full Burst HD,80
Poker Night 2,75
Anodyne,75
Dyscourse,71
Bad Bots,49
STRIDER™ / ストライダー飛竜®,78
Original War,61
Prime World,65
Prime World: Defenders,58
Blitzkrieg 3,68
METAL GEAR RISING: REVENGEANCE,83
Warhammer: End Times - Vermintide,79
Tom Clancy’s Splinter Cell Blacklist,82
Cubetractor,75
Audiosurf 2,76
Element4l,77
Tetrobot and Co.,72
Dust: An Elysian Tail,85
Horizon,58
Starpoint Gemini 2,70
War Thunder,81
DARK SOULS™ II,91
PAC-MAN™ Championship Edition DX+,86
Hexodius,47
Takedown: Red Sabre,34
Blood Bowl 2,76
Anomaly 2,77
Europa Universalis IV,87
HITMAN™,83
Blackwell Epiphany,83
Jack Keane 2 - The Fire Within,52
Frozen Cortex,79
Expeditions: Conquistador,77
Battle Worlds: Kronos,71
DuckTales: Remastered,66
Angry Video Game Nerd Adventures,77
Dreamfall Chapters,71
Agarest: Generations of War,45
Transistor,83
UFO: Afterlight,71
The Banner Saga,80
Deus Ex: Human Revolution - Director's Cut,91
Sniper Elite 3,71
System Shock 2,92
Legend of Dungeon,62
Outlast,80
Magicka 2,69
Contagion,62
BattleBlock Theater®,85
Fist Puncher,73
Might & Magic X - Legacy,71
Citadels,20
Skyward Collapse,64
Bionic Dues,71
Path of Exile,86
"Papers, Please",85
Hammerwatch,72
Samurai Gunn,78
FINAL FANTASY III,68
Dying Light,87
Thief,70
Amnesia: A Machine for Pigs,72
Castlevania: Lords of Shadow 2,58
Spelunky,90
Game Dev Tycoon,68
Dead State: Reanimated,70
Quadrilateral Cowboy,81
Rain Blood Chronicles: Mirage,68
Wasteland 2: Director's Cut,87
Half Minute Hero: The Second Coming,79
Sherlock Holmes: Crimes and Punishments,77
Ittle Dew,67
CastleStorm,73
State of Decay,79
The Crew™,71
Rogue Legacy,85
Inquisitor,64
Guncraft,73
Kill to Collect,57
Goodbye Deponia,80
Joe Danger 2: The Movie,82
Vector Thrust,57
Rayman® Legends,89
Space Hulk,58
Styx: Master of Shadows,71
Nuclear Throne,89
Injustice: Gods Among Us Ultimate Edition,79
The Forest,83
140,80
Verdun,70
"Sir, You Are Being Hunted",63
Banished,73
Anachronox,77
Startopia,86
Betrayer,62
Mushroom 11,78
Memoria,79
FRACT OSC,75
TrackMania² Valley,79
Urban Trial Freestyle,58
Watch_Dogs™,77
PixelJunk™ Monsters Ultimate,72
Gas Guzzlers Extreme,73
Bound By Flame,56
Divinity: Dragon Commander,76
"Invisible, Inc.",82
Take On Mars,62
Rise of Flight United,77
Sid Meier’s Ace Patrol: Pacific Skies,59
Homeworld Remastered Collection,86
Assetto Corsa,85
Men of War: Assault Squad 2,68
Face Noir,59
Shelter,69
Divekick,73
Aztez,81
Foul Play,69
Homesick,72
Where is my Heart?,74
SpellForce 2 - Demons of the Past,54
The Novelist,66
Skullgirls,83
ENSLAVED™: Odyssey to the West™ Premium Edition,70
Etherium,62
Wizardry 8,85
Democracy 3,70
Trials Fusion™,80
Tropico 5,75
Hack 'n' Slash,73
Spacebase DF-9,49
MASSIVE CHALICE,73
The Typing of The Dead: Overkill,71
Strike Vector,73
Wayward Manor,41
Legends of Eisenwald,71
BeatBlasters III,56
FATE,80
Giana Sisters: Twisted Dreams - Rise of the Owlverlord,84
Talisman: Digital Edition,51
"Cook, Serve, Delicious!",62
Crypt of the NecroDancer,87
Soundodger+,78
Volgarr the Viking,76
Mutant Mudds Deluxe,61
Hitman: Contracts,74
Deadly Premonition: The Director's Cut,59
Nether: Resurrected,57
Redshirt,62
Sniper Elite: Nazi Zombie Army 2,53
Sacred 3,57
Freedom Planet,83
Legends of Aethereus,41
Dominions 3: The Awakening,82
Megabyte Punch,69
Door Kickers,83
A Walk in the Dark,67
Risk of Rain,77
NEO Scavenger,77
Dungeon of the Endless™ - Crystal Edition,79
LEGO® Marvel™ Super Heroes,78
Ancient Space,68
Risen 3 - Titan Lords,65
The Castle Doctrine,58
Teslagrad,77
Blackguards,68
Marlow Briggs and the Mask of Death,65
Scribblenauts Unmasked: A DC Comics Adventure,68
Lilly Looking Through,71
Life Goes On: Done to Death,73
Assault Android Cactus+,79
Jazzpunk: Director's Cut,75
The Wolf Among Us,85
Knock-knock,57
How to Survive,60
UnderRail,72
Fight The Dragon,76
Among the Sleep - Enhanced Edition,66
[Old Edition] Croixleur Sigma,56
Super Time Force Ultra,80
Shovel Knight: Treasure Trove,85
The Binding of Isaac: Rebirth,86
Wargame: Red Dragon,78
Chroma Squad,75
The Legend of Heroes: Trails in the Sky,85
Livelock,73
Corpse Party,71
The Legend of Heroes: Trails in the Sky SC,80
Eleusis,49
The Inner World,72
TowerFall Ascension,87
Gravity Ghost,75
Constant C,60
The Impossible Game,64
Speedball 2 HD,53
Legend of Grimrock 2,85
Stick it to The Man!,79
Master Reboot,59
WWII Online,73
Long Live The Queen,67
Valdis Story: Abyssal City,83
Lovers in a Dangerous Spacetime,80
Divide By Sheep,83
YAIBA: NINJA GAIDEN Z,49
Elegy for a Dead World,65
Syder Arcade,76
Slender: The Arrival,65
SteamWorld Dig,76
Dusty Revenge:Co-Op Edition,64
StarDrive 2,70
Rust,69
Qbeh-1: The Atlas Cube,72
Depths of Fear :: Knossos,48
Death Road to Canada,73
Eldritch Reanimated,77
Nihilumbra,75
The Last Express Gold Edition,82
MouseCraft,72
Rocket League®,86
Race The Sun,79
The Cat Lady,81
Halfway,69
A Hat in Time,79
FOTONICA,71
Fester Mudd: Curse of the Gold - Episode 1,76
Neverending Nightmares,68
Hot Tin Roof: The Cat That Wore A Fedora,66
Wrack,66
Tiny Brains,63
Ikaruga,84
rymdkapsel,77
Shantae: Half-Genie Hero,76
Earth 2150 Trilogy,78
Septerra Core,72
Enclave,71
World War III: Black Gold,71
World War II: Panzer Claws,61
Dofus,72
Duskers,83
Obscure,63
Obscure II (Obscure: The Aftermath),59
resident evil 4 / biohazard 4,79
Ground Control Anthology,86
Ground Control II: Operation Exodus,80
Lords of the Realm III,65
MoonBase Commander,77
Silent Storm Gold Edition,83
Abyss Odyssey,69
GRID Autosport,78
1954 Alcatraz,58
Journey of a Roach,65
Edna & Harvey: The Breakout,56
Escape Goat 2,76
KickBeat Steam Edition,66
Magic 2015 - Duels of the Planeswalkers,60
Cities: Skylines,85
PixelJunk™ Shooter,73
Bad Mojo Redux,74
Jagged Alliance Flashback,52
Shadows: Heretic Kingdoms,74
Enemy Front,52
Child of Light,77
WRC 4 FIA World Rally Championship,64
MotoGP™14,76
Cosmic Star Heroine,77
Darkout,55
Rebuild 3: Gangs of Deadsville,75
Baldur's Gate II: Enhanced Edition,78
The Talos Principle,85
J.U.L.I.A.: Among the Stars,71
Signal Ops,61
Violett Remastered,61
Hyper Light Drifter,84
Eschalon: Book III,67
Oozi: Earth Adventure,66
Ring Runner: Flight of the Sages,75
Deus Ex: The Fall,45
The Vanishing of Ethan Carter,82
Citizens of Earth,66
Montague's Mount,39
Dragon's Prophet,63
Alone in the Dark,55
Alone in the Dark: The New Nightmare,66
Sneaky Sneaky,63
Particulars,74
Two Brothers,57
The Last Tinker™: City of Colors,72
Marc Eckō's Getting Up: Contents Under Pressure,69
Assassin’s Creed® Liberation HD,66
Valiant Hearts: The Great War™ / Soldats Inconnus : Mémoires de la Grande Guerre™,79
Blood of the Werewolf,65
Company of Heroes 2 - The Western Front Armies,80
Flockers™,66
So Many Me,78
Haunted,76
Gray Matter,72
Cold War,64
Dark Fall: The Journal,68
Dark Fall 2: Lights Out,66
Desperados: Wanted Dead or Alive,78
Neighbours from Hell Compilation,69
1001 Spikes,80
The Walking Dead: Season Two,80
Killer is Dead - Nightmare Edition,71
Lethal League,82
Distant Worlds: Universe,81
Bedlam,54
Tesla Effect: A Tex Murphy Adventure,68
Lifeless Planet Premier Edition,59
Borderlands: The Pre-Sequel,75
Journal,59
Humans Must Answer,55
Lichdom: Battlemage,69
The Real Texas,74
Gabriel Knight: Sins of the Fathers 20th Anniversary Edition,74
Darkest Dungeon®,84
Zombeer,32
Dungeons 2,70
Cloudbuilt,72
Rollers of the Realm,68
Little Racers STREET,62
GoD Factory: Wingmen,76
Our Darker Purpose,74
Crimsonland,68
The Journey Down: Chapter Two,78
Castle In The Darkness,76
Continue?9876543210,62
Driftmoon,73
Dragons and Titans,43
Paper Sorcerer,73
SPACECOM,68
Son of Nor,54
Full Bore,72
CONSORTIUM,66
99 Levels To Hell,66
Captain Morgane and the Golden Turtle,54
Moebius: Empire Rising,54
Platformines,67
Quest for Infamy,63
Subnautica,87
FORCED SHOWDOWN,67
Meridian: New World,43
Lords Of The Fallen™,73
Gomo,50
The Red Solstice,74
NaissanceE,66
Secret Ponchos,73
Monochroma,55
Goat Simulator,62
Ether One,82
Worlds of Magic,52
Tower of Guns,76
Windforge,53
Ethan: Meteor Hunter,59
iRacing,79
Hand of Fate,78
Age of Mythology: Extended Edition,66
Line Of Defense Tactics - Tactical Advantage,47
Beware Planet Earth,68
Batman™: Arkham Origins Blackgate - Deluxe Edition,60
The LEGO® Movie - Videogame,68
Shadowrun Chronicles - Boston Lockdown,61
Hostile Waters: Antaeus Rising,80
The Evil Within,68
Heat Signature,79
Panzer Corps Gold,80
XCOM® 2,88
The Whispered World Special Edition,70
Satellite Reign,75
Cuphead,88
The Yawhg,66
Year Walk,87
Chronology,64
Dex,62
BADLAND: Game of the Year Edition,79
RymdResa,64
Tumblestone,91
The Golf Club,70
DreadOut,55
Spate,61
The Girl and the Robot,58
The Gallery - Episode 1: Call of the Starseed,79
RUNNING WITH RIFLES,78
Dominique Pamplemousse,62
I Want To Be Human,53
Etherlords,77
Etherlords II,78
Car Mechanic Simulator 2014,61
American Truck Simulator,76
Offworld Trading Company,78
Industry Giant 2,71
Sniper Art of Victory,36
Grand Theft Auto V,96
10 Second Ninja,72
Light,49
Dungeon Lords Steam Edition,45
Torment: Tides of Numenera,81
Shadow Blade: Reload,70
The Incredible Adventures of Van Helsing II,77
NARUTO SHIPPUDEN: Ultimate Ninja STORM Revolution,61
Serious Sam's Bogus Detour,76
Vertiginous Golf,63
The Last Federation,72
Evolve Stage 2,77
Descent 2,89
Descent 3,89
Freespace 2,91
Hotline Miami 2: Wrong Number,74
Broforce,83
RONIN,70
OlliOlli,78
NOT A HERO,75
Gods Will Be Watching,64
Always Sometimes Monsters,73
Dropsy,80
Drox Operative,74
Brigador: Up-Armored Edition,70
Darkwood,80
Jet Car Stunts,57
Depth,65
Alone in the Dark: Illumination™,19
Shelter 2,58
Costume Quest 2,68
Westerado: Double Barreled,80
Guacamelee! Super Turbo Championship Edition,80
Summoner,78
Space Run,73
No Man's Sky,61
Mordheim: City of the Damned,74
Return to Mysterious Island,79
VIDEOBALL,82
Halo: Spartan Assault,70
Imperial Glory,69
Praetorians,78
Albedo: Eyes from Outer Space,66
Panzer Tactics HD,69
On Rusty Trails,77
DYNASTY WARRIORS 8: Xtreme Legends Complete Edition,71
A Story About My Uncle,73
0RBITALIS,73
Terrian Saga: KR-17,83
LA Cops,45
GIGANTIC ARMY,73
Richard & Alice,70
Joe Dever's Lone Wolf HD Remastered,78
The I of the Dragon,55
Soul Axiom,57
Infinity Runner,56
The Book of Unwritten Tales 2,80
Aragami,71
Hover,69
ORB,68
Ubersoldier II,62
Wings Over Europe,62
Homeworld: Deserts of Kharak,79
The Banner Saga 2,82
Munin,68
4PM,41
Woolfe - The Red Hood Diaries,55
Stellaris,78
This War of Mine,83
SOMA,84
Sid Meier's Starships,64
SuperPower 2 Steam Edition,51
RollerCoaster Tycoon World™,43
LOST ORBIT,72
Hyperdimension Neptunia Re;Birth1,72
House of the Dying Sun,76
The Samaritan Paradox,75
Nosferatu: The Wrath of Malachi,70
Soulbringer,70
Eurofighter Typhoon,69
Marine Sharpshooter II: Jungle Warfare,52
Incoming Forces,67
Salt and Sanctuary,84
Astebreed: Definitive Edition,86
Majestic Nights,32
Maize,65
The Last Door - Collector's Edition,79
Cornerstone: The Song of Tyrim,58
DeadCore,78
Solarix,47
Between Me and The Night,62
Battleplan: American Civil War,66
LEGO® The Hobbit™,68
"Warhammer 40,000: Dawn of War III",77
RollerCoaster Tycoon® 2: Triple Thrill Pack,74
Hard Truck Apocalypse / Ex Machina,45
Action Henk,74
Kromaia,68
Tooth and Tail,80
Dead Effect,59
Eidolon,64
Pier Solar and the Great Architects,73
Steel Armor: Blaze of War,70
Oknytt,61
Black Mirror II,71
Black Mirror III,75
F1 2015,61
Metro 2033 Redux,90
Zoo Empire,59
Shadow Ops: Red Mercury,61
Harvester,53
Ionball 2: Ionstorm,70
Toybox Turbos,69
Resident Evil Revelations 2 / Biohazard Revelations 2,74
Metro: Last Light Redux,76
Rise of Nations: Extended Edition,89
Pandora: First Contact,68
Sunset,66
The Council,67
METAL GEAR SOLID V: THE PHANTOM PAIN,91
Nostradamus: The Last Prophecy,70
Mini Metro,77
Actual Sunlight,77
Whispering Willows,64
The Room,73
Conflicks - Revolutionary Space Battles,63
Pineview Drive,58
The Charnel House Trilogy,68
Sid Meier’s Civilization® VI,88
Endless Legend™ - Emperor Edition,82
Perimeter: Emperor's Testament,72
El Matador,54
Faces of War,67
Konung 2,35
Perimeter,77
RC Cars,65
UFO: Aftershock,67
King's Bounty: Dark Side,73
LARA CROFT AND THE TEMPLE OF OSIRIS™,73
Dracula: The Resurrection,67
Dracula 2: The Last Sanctuary,68
Dracula 3: The Path of the Dragon,65
Construction Simulator 2015,63
Life is Feudal: Your Own,63
Sokobond,82
Rebel Galaxy,75
Project Temporality,58
Armello,75
The Flock,36
Clandestine,69
The Fall,76
Grey Goo,77
You Must Build A Boat,71
1849,60
Duelyst,82
Warface,62
Pillars of Eternity,89
Empathy: Path of Whispers,59
The Lost Crown,71
Pit People®,78
The Witcher® 3: Wild Hunt,93
FINAL FANTASY® XIII,65
FINAL FANTASY® XIII-2,75
UFO: Aftermath,67
Unrest,65
Kero Blaster,82
Call of Duty®: Infinite Warfare,73
Black Mirror I,60
Card Hunter,80
TRI: Of Friendship and Madness,74
Road Not Taken,75
Kill The Bad Guy,62
Aaru's Awakening,59
RimWorld,87
Crowntakers,70
Shadowgate,68
Fenix Rage,75
Wars and Warriors: Joan of Arc,60
Marine Park Empire,58
Anomaly Defenders,70
Valkyria Chronicles™,85
Schrödinger’s Cat And The Raiders Of The Lost Quark,59
The Floor is Jelly,83
Qasir al-Wasat: International Edition,63
MIND: Path to Thalamus Enhanced Edition,75
Iron Storm,69
Brigade E5: New Jagged Union,41
Niko: Through The Dream,74
Lords of Xulima,71
Kraven Manor,58
Lucius II,48
Al Emmo and the Lost Dutchman's Mine,77
8BitBoy™,64
Renowned Explorers: International Society,72
Heroes® of Might & Magic® III - HD Edition,65
Freaking Meatbags,69
Heavy Bullets,72
Titan Souls,74
The Old City: Leviathan,62
Warrior Kings,73
Rocko's Quest,41
Super Rad Raygun,64
Corpse of Discovery,49
Qvadriga,72
Split/Second,79
Space Colony: Steam Edition,74
Total Annihilation,86
Master of Orion,74
Far Cry® 4,80
Rhiannon: Curse of the Four Branches,67
Only If,39
Orbital Gear,59
Lovely Planet,61
The Escapists,71
Space Hulk: Deathwing,58
Darkness Within 1: In Pursuit of Loath Nolder,52
Blood: One Unit Whole Blood,82
Blood II: The Chosen + Expansion,72
Warrior Kings: Battles,64
Block N Load,72
Rogue Stormers,68
Tengami,57
GET EVEN,75
ADR1FT,64
Lemma,73
Road Redemption,70
Shadowrun: Dragonfall - Director's Cut,87
GALAK-Z,78
Pure Pool,68
Disney•Pixar Toy Story 3: The Video Game,73
JUJU,65
White Night,68
Zombie Army Trilogy,72
Battlezone 98 Redux,75
Salammbô: Battle for Carthage,77
City of Brass,69
Submerged,47
Saints Row: Gat out of Hell,66
Screencheat,71
The Blue Flamingo,55
Bus Driver,61
The Cameron Files: The Secret at Loch Ness,66
Curse: The Eye of Isis,63
Ryse: Son of Rome,61
Metal Dead,71
BlazeRush,66
Team Indie,58
The Beginner's Guide,76
TRISTOY,49
Concursion,66
Roundabout,75
Adventures of Pip,72
Faery - Legends of Avalon,59
The Witcher Adventure Game,68
ArcheAge,80
Resident Evil / biohazard HD REMASTER,82
FOR HONOR™,76
INSIDE,87
Qora,63
Agents of Mayhem,68
SUNLESS SEA,81
Train Fever,67
Outland,79
Blue Estate The Game,59
The Long Dark,77
The Elder Scrolls® Online,71
Oblitus,69
Railroad Pioneer,50
Runers,68
Battle Academy 2: Eastern Front,77
Ultimate General: Gettysburg,84
Overlord: Fellowship of Evil,24
Obduction,76
"I, Zombie",65
A Golden Wake,68
Technobabylon,82
Penarium,80
Hard West,73
Sleeping Dogs: Definitive Edition,80
Mortal Kombat X,84
IL-2 Sturmovik: Battle of Stalingrad,74
Back to Bed,57
Black The Fall,72
Buzz Aldrin's Space Program Manager,62
Lost Chronicles of Zerzura,76
Ziggurat,75
Hatoful Boyfriend,68
Grand Ages: Medieval,63
Crookz - The Big Heist,74
Deathtrap,77
DiRT Rally,86
NEON STRUCT,62
Shiftlings,70
Onikira - Demon Killer,55
Basketball Pro Management 2015,69
Street Fighter V,89
The Way,67
Echelon,70
Echelon: Wind Warriors,63
Call of Duty®: Black Ops III,73
Zero Escape: Zero Time Dilemma,78
Doorways: The Underworld,50
SpellForce 3,73
METAL GEAR SOLID V: GROUND ZEROES,80
Vertical Drop Heroes HD,70
Assassin’s Creed® Rogue,74
Enter the Gungeon,84
DEAD OR ALIVE 5 Last Round: Core Fighters,69
LEGO® Pirates of the Caribbean: The Video Game,73
Wildlife Park,62
To End All Wars,71
"Warhammer 40,000: Armageddon",68
Legions of Steel,64
Order of Battle: World War II,81
Mega Coin Squad,56
Rain World,66
Duck Game,82
Ys VI: The Ark of Napishtim,76
Xanadu Next,78
Sniper Elite 4,78
Way of the Samurai 4,72
Fahrenheit: Indigo Prophecy Remastered,61
Cities XXL,47
The Masterplan,68
Metrocide,68
Farming Simulator 15,64
Blitzkrieg 2 Anthology,75
The Solus Project,68
Conarium,71
Legend of Kay Anniversary,64
A Vampyre Story,75
Microsoft Flight Simulator X: Steam Edition,80
Deathsmiles,78
Chess 2: The Sequel,62
Rampage Knights,80
Kyn,58
The Sun at Night,59
The Thin Silence,67
Oddworld: New 'n' Tasty,87
Mighty No. 9,52
Silence,75
Randal's Monday,57
Blackguards 2,74
Space Hack,63
Dig or Die,76
Bravada,70
Disney Alice in Wonderland,63
A City Sleeps™,61
Shadow Puppeteer,57
Grim Fandango Remastered,84
Calvino Noir,55
Airscape - The Fall of Gravity,75
Nelly Cootalot: The Fowl Fleet,81
Defenders of Time,55
The Keep,61
Space Hulk: Ascension,72
Guild of Dungeoneering,72
Dokuro,59
Company of Heroes 2 - Ardennes Assault,81
Karmaflow: The Rock Opera Videogame - Act I & Act II,47
Act of Aggression - Reboot Edition,71
Enforcer: Police Crime Action,36
Convoy,72
The Flame in the Flood,73
Chaos Reborn,85
Disney G-Force,61
Chariot,76
Ninja Pizza Girl,82
Odallus: The Dark Call,80
Five Nights at Freddy's,78
GRANADO ESPADA,66
There Came an Echo,58
Trine 3: The Artifacts of Power,68
The Detail,71
Moon Hunters,62
Absolute Drift,66
We Happy Few,62
Car Mechanic Simulator 2015,68
Oscura: Lost Light,66
Toren,57
Wings! Remastered Edition,61
Battle Of Europe,54
Icewind Dale: Enhanced Edition,80
Silence of the Sleep,66
Disorder,61
SteamWorld Heist,81
"Guns, Gore & Cannoli",80
Don't Starve Together,83
Red Goddess: Inner World,53
SUPERHOT,82
BLACKHOLE,82
Drifting Lands,71
"War, the Game",65
"Warhammer 40,000: Regicide",72
theHunter: Primal,49
Subject 13,59
Tharsis,61
Frostpunk,84
Grow Home,75
The Magic Circle,79
Jotun: Valhalla Edition,79
Poltergeist: A Pixelated Horror,70
Decay: The Mare,60
Move or Die,80
Kalimba,81
CLANNAD,83
VoidExpanse,59
Bus Simulator 16,46
Halo: Spartan Strike,66
Gemini: Heroes Reborn,54
Impossible Creatures Steam Edition,72
The Warlock of Firetop Mountain,70
Shadow Warrior 2,78
Parallax,68
Nova-111,68
Fire,64
Total War: ATTILA,80
Shroud of the Avatar: Forsaken Virtues,58
Windward,61
Chime Sharp,85
Warhammer Quest,55
Worms W.M.D,76
FEIST,65
Anna's Quest,74
The Marvellous Miss Take,69
A Bird Story,66
Zenzizenzic,85
Traverser,61
Near Death,70
Ironcast,75
Gigantic,76
TRON 2.0,84
Sublevel Zero Redux,71
I am Bread,60
Don't Knock Twice,56
Frozen Synapse Prime,83
Letter Quest: Grimm's Journey,73
B-17 Flying Fortress: The Mighty 8th,82
The Deer God,59
Devil May Cry® 4 Special Edition,78
The Weaponographist,58
Stealth Inc 2: A Game of Clones,77
Sonic Lost World,57
JumpJet Rex,76
Phantom Breaker: Battle Grounds,64
Pix the Cat,77
DiscStorm,58
Game of Thrones - A Telltale Games Series,64
Disney•Pixar Cars,73
Master Spy,68
ROOMS: The Toymaker's Mansion,66
Pinstripe,71
One Piece Pirate Warriors 3,62
Carmageddon TDR 2000,48
Crossing Souls,70
Disney•Pixar WALL-E,58
Supreme League of Patriots,56
AER Memories of Old,69
Axiom Verge,80
The Next Penelope,82
LEGO® Worlds,71
PONCHO,62
Five Nights at Freddy's 2,62
Cossacks 3,63
Sinking Island,68
"Slow Down, Bull",65
Epanalepsis,48
Dirty Bomb®,63
A Druid's Duel,70
Hektor,55
Extreme Exorcism,75
Armikrog,57
Roche Fusion,85
Fortified,66
Out There: Ω Edition,75
Yoku's Island Express,84
Tormentum - Dark Sorrow,72
Serpent in the Staglands,75
DARK SOULS™ II: Scholar of the First Sin,79
Bet On Soldier,56
LISA: The Painful,78
Vietnam ‘65,81
Shardlight,75
Typoman,67
Bloodsports.TV,69
Super Cane Magic ZERO - Legend of the Cane Cane,75
Redux: Dark Matters,61
Deus Ex: Mankind Divided,83
Finding Paradise,81
Zombie Vikings,74
Star Hammer: The Vanguard Prophecy,69
Avernum 2: Crystal Souls,78
Venetica - Gold Edition,61
Warden: Melody of the Undergrowth,59
The Technomancer,56
Harold,70
Morningstar: Descent to Deadrock,62
Dead Synchronicity: Tomorrow Comes Today,70
Oceanhorn: Monster of Uncharted Seas,74
ZOMBI,65
A Pixel Story,74
Ember,70
Freestyle 2: Street Basketball,69
Paperbound,68
The Moment of Silence,70
Overclocked: A History of Violence,70
Headlander,74
FINAL FANTASY TYPE-0™ HD,69
Keep Talking and Nobody Explodes,71
TEMBO THE BADASS ELEPHANT,69
Hatred,43
Sym,61
Arizona Sunshine,81
RIOT: Civil Unrest,54
15 Days,63
The Mystery of the Druids,49
Overture,76
Kholat,64
Tacoma,76
Ghost Pirates of Vooju Island,66
Magnetic: Cage Closed,61
Three Fourths Home: Extended Edition,77
CRYPTARK,80
Big Pharma,72
Victor Vran ARPG,75
SHOGUN: Total War™ - Collection,84
Medieval: Total War™ - Collection,88
LIGHTNING RETURNS™: FINAL FANTASY® XIII,66
Lumo,77
RIDE,68
I Can't Escape: Darkness,43
ARK: Survival Evolved,70
Shadowrun: Hong Kong - Extended Edition,81
InnerSpace,65
Rise & Shine,64
Pneuma: Breath of Life,63
Mayan Death Robots,69
Perils of Man,61
Fairy Fencer F,66
Beyond Sol,83
GUILTY GEAR XX ACCENT CORE PLUS R,75
The Asskickers-Steam Edition,31
FIM Speedway Grand Prix 15,68
ARMED SEVEN,67
Galaxy of Pen & Paper +1,65
Wolfenstein: The Old Blood,76
No Pineapple Left Behind,59
TransOcean 2: Rivals,69
Sherlock Holmes: The Devil's Daughter,65
The Bug Butcher,81
Planet of the Eyes,66
The Corporate Machine,80
Ceres,74
Valhalla Hills,69
Crazy Machines 3,71
The Descendant,59
Tales of Zestiria,77
Fair Strike,56
The Westport Independent,63
LEGO® Jurassic World,72
Urban Empire,62
Bombshell,43
Stephen's Sausage Roll,90
House of Caravan,39
Rad Rodgers: World One,73
Train Valley,69
The Deadly Tower of Monsters,73
Ankh - Anniversary Edition,74
Five Nights at Freddy's 3,68
WRC 5 FIA World Rally Championship,65
Bunker - The Underground Game,70
Assassin’s Creed® Chronicles: China,67
Tadpole Treble,90
MISSING: An Interactive Thriller - Episode One,63
Echoes of Aetheria,77
Blood Alloy: Reborn,48
Last Word,67
Styx: Shards of Darkness,72
Space Run Galaxy,75
Albino Lullaby: Episode 1,64
Sheltered,62
Beyond Eyes,60
Time Machine VR,58
Middle-earth™: Shadow of War™,75
Tony Tough and the Night of Roasted Moths,68
Interloper,77
Chris Sawyer's Locomotion™,59
Party Hard,64
Galacide,76
Battle Fantasia -Revised Edition-,58
The Collider 2,70
Excubitor,69
Oriental Empires,74
Cobalt,69
Inside My Radio,68
Curious Expedition,74
Death Rally (Classic),62
Shadow Warrior (Classic),73
Gryphon Knight Epic,55
Luckslinger,76
Good Robot,67
Q.U.B.E. 2,76
MX vs. ATV Unleashed,71
Lethis - Path of Progress,65
Elite Dangerous,80
Amnesia™: Memories,72
Tom Clancy's Rainbow Six® Siege,79
Uncanny Valley,67
Assassin’s Creed® Chronicles: Russia,53
Assassin’s Creed® Chronicles: India,63
Independence War® 2: Edge of Chaos,83
FINAL FANTASY X/X-2 HD Remaster,65
The Incredible Adventures of Van Helsing III,64
How To Survive: Third Person Standalone,56
How to Survive 2,69
Mafia III,62
Into the Stars,61
Downwell,81
Yooka-Laylee,73
Lumini,69
The Mean Greens - Plastic Warfare,56
COAST GUARD,47
Turmoil,73
Mother Russia Bleeds,70
Casino Inc.,55
ASTRONEER,71
Cradle,65
Lakeview Cabin Collection,70
Fran Bow,70
Sylvio,60
Black Mesa,84
Tyranny,80
ROMANCE OF THE THREE KINGDOMS XIII,61
Mega Man Legacy Collection / ロックマン クラシックス コレクション,85
Goliath,57
Holy Potatoes! A Weapon Shop?!,69
Battlefleet Gothic: Armada,77
Total War: WARHAMMER,86
The Elder Scrolls®: Legends™,80
Kona,73
TASTEE: Lethal Tactics,74
LOUD on Planet X,72
Battle Brothers,80
Hacknet,82
Ravenmark: Scourge of Estellion,75
Tom Clancy’s The Division™,79
OlliOlli2: Welcome to Olliwood,82
Volume,80
Company of Heroes 2 - The British Forces,80
Heroes of Normandie,65
Seasons after Fall,75
Shiness: The Lightning Kingdom,68
Magical Eyes - Red is for Anguish,77
Narcosis,72
The Long Journey Home,68
Mighty Switch Force! Hyper Drive Edition,85
Songbringer,68
Poly Bridge,73
Dragon's Dogma: Dark Arisen,81
Hollow Knight,87
Skyshine's BEDLAM,67
Sniper Ghost Warrior 3,59
Aurion: Legacy of the Kori-Odan,69
Kingdom: Classic,74
CrossCode,86
Her Story,86
The Darkside Detective,75
Through the Woods,63
Rememoried,65
Assassin's Creed® Syndicate,74
Obliteracers,78
AR-K: The Great Escape,78
Slain: Back from Hell,74
The Swindle,70
Blacksea Odyssey,74
Spectra,60
"Gremlins, Inc.",75
Animal Gods,50
No70: Eye of Basir,52
Pixel Galaxy,68
Kathy Rain,77
Aegis Defenders,76
Making History: The Calm and the Storm Gold Edition,70
Halcyon 6: Starbase Commander,71
Bounty Train,66
Far Cry® Primal,74
Pulse,57
Contradiction - Spot The Liar!,72
Divinity: Original Sin - Enhanced Edition,94
The Assembly,55
Ryzom,64
Eisenhorn: XENOS,46
Sudden Strike 4,70
Metrico+,66
Virginia,74
Portal Knights,72
Stairs,65
DARK SOULS™ III,89
Champions of Anteria™,67
Gunpowder,76
"Football, Tactics & Glory",72
Human Resource Machine,78
Trackmania® Turbo,79
Anno 2205™,72
Viridi,46
SAGA,61
GUILTY GEAR Xrd -SIGN-,84
Last Days of Old Earth,66
Kelvin and the Infamous Machine,79
WildStar,82
Hatoful Boyfriend: Holiday Star,54
Fallout 4,84
ENKI,43
N.E.R.O.: Nothing Ever Remains Obscure,59
FINAL FANTASY IX,84
Mushihimesama,86
DARIUSBURST Chronicle Saviours,80
The Surge,72
Blues and Bullets,73
Thea: The Awakening,73
Project CARS 2,84
Kingdom Come: Deliverance,76
STASIS,79
Hover Junkers,80
Anima Gate of Memories,69
Herald: An Interactive Period Drama - Book I & II,77
Dead by Daylight,71
Allods Online RU,69
80 Days,84
Bard's Gold,58
Dragon Saga,65
Journey To The Center Of The Earth,65
SKYHILL,63
John Wick Chronicles,57
E.T. Armies,54
Dead Island Definitive Edition,80
Dead Island: Riptide Definitive Edition,61
Dungeon Souls,67
Hue,79
Firewatch,81
Cross of the Dutchman,59
Slybots: Frantic Zone,65
Pathologic Classic HD,76
ABZU,83
Super Rude Bear Resurrection,78
Aviary Attorney,77
INK,68
WWE 2K16,74
NBA 2K17,90
Pylon: Rogue,50
SMITE®,83
"Cook, Serve, Delicious! 2!!",62
FIVE: Guardians of David,66
Ori and the Blind Forest: Definitive Edition,88
Hyperdimension Neptunia U: Action Unleashed,50
The Escapists: The Walking Dead,66
Five Nights at Freddy's 4,51
Day of the Tentacle Remastered,86
1979 Revolution: Black Friday,80
Darksiders II Deathinitive Edition,81
In Between,68
Oxenfree,80
Horizon Chase Turbo,76
Pacer,58
TEKKEN 7,82
DESYNC,69
Small Radios Big Televisions,67
Bulb Boy,84
Little King's Story,62
Mekazoo,80
Umbrella Corps™/Biohazard Umbrella Corps™,36
Circa Infinity,80
Spacejacked,68
Anarcute,79
Sora,74
Hard to Be a God,55
F1 2016,86
Rise of the Tomb Raider™,86
Epic Manager - Create Your Own Adventuring Agency!,69
Undertale,92
Layers of Fear,72
Crashlands,78
Endless Space® 2 - Digital Deluxe Edition,80
Rogue Wizards,67
The Franz Kafka Videogame,64
Take Command - 2nd Manassas,74
Toy Odyssey: The Lost and Found,66
NOBUNAGA'S AMBITION: Sphere of Influence,70
Call of Duty®: Modern Warfare® Remastered,86
Iconoclasts,87
P·O·L·L·E·N,64
Battleborn,69
Punch Club,73
Hearts of Iron IV,83
"Warhammer 40,000: Deathwatch - Enhanced Edition",74
HELLDIVERS™ Dive Harder Edition,83
Karma. Incarnation 1,66
Dead Effect 2,53
DEADBOLT,76
DISTRAINT: Deluxe Edition,76
Doors,40
Lost Horizon 2,58
We Are The Dwarves,60
Rogue State,66
Anarchy Online,72
Masochisia,68
Bleed 2,83
Front Defense,60
Tahira: Echoes of the Astral Empire,66
The Adventure Pals,78
EVERSPACE™,79
GRIP: Combat Racing,74
Faeria,81
Sengoku Jidai: Shadow of the Shogun,85
SimplePlanes,69
Lords of the Realm II,77
Clustertruck,76
Euclidean,62
Bowl Bound College Football,80
Epistory - Typing Chronicles,74
Prospekt,43
Else Heart.Break(),79
Concrete Jungle,76
The Incredible Adventures of Van Helsing: Final Cut,79
Okhlos: Omega,69
Wuppo: Definitive Edition,78
The Aquatic Adventure of the Last Human,76
POSTAL Redux,54
Flinthook,80
FATED: The Silent Oath,67
ARSLAN: THE WARRIORS OF LEGEND,57
The Park,67
The Guest,68
Californium,64
FlatOut 4: Total Insanity,52
Overfall,71
Out of the Park Baseball 17,92
The Last Door: Season 2 - Collector's Edition,85
Atlas Reactor,81
The Coma: Cutting Class,69
Planetbase,70
Burly Men at Sea,82
Dishonored 2,86
Dungelot: Shattered Lands,78
The Dwarves,61
WARTILE,68
Heaven's Hope - Special Edition,74
Nex Machina,84
Vikings - Wolves of Midgard,66
The Political Machine 2016,72
Hob,76
The Way of Life: DEFINITIVE EDITION,57
LEGO® MARVEL's Avengers,64
Siegecraft Commander,53
Ares Omega,49
Dangerous Golf,54
Ninja Senki DX,72
Pony Island,86
Alpha Polaris : A Horror Adventure Game,52
Turok,65
Disgaea PC,74
DarkMaus,83
Alekhine's Gun,40
Crush Your Enemies,63
Hard Reset Redux,73
Cibele,71
Eagle Flight,74
Swords and Sorcery - Underworld - Definitive Edition,66
FORM,81
Code of Princess,53
Pro Cycling Manager 2016,64
Krai Mira: Extended Cut,50
Zombasite,66
Syndrome,56
The Fall of the Dungeon Guardians - Enhanced Edition,71
BioShock™ Remastered,80
Death by Game Show,50
Phantom Brave PC,81
12 is Better Than 6,74
EARTH DEFENSE FORCE 4.1 The Shadow of New Despair,79
HEX: Shards of Fate,87
System Shock: Enhanced Edition,85
Forts,74
Master of Orion 3,64
Sorcery! Parts 1 and 2,69
ELEX,67
"Codename: Panzers, Phase One",81
"Codename: Panzers, Phase Two",80
Men of Valor,71
Melty Blood Actress Again Current Code,78
Hybrid Wars,54
SENRAN KAGURA SHINOVI VERSUS,70
Klang,71
Audioshield,81
STEINS;GATE,87
Stardew Valley,89
Danganronpa: Trigger Happy Havoc,82
Danganronpa 2: Goodbye Despair,83
We Are Chicago,49
Hellblade: Senua's Sacrifice,83
Outlast 2,75
RAID: World War II,53
Super Mega Baseball 2,83
Motorsport Manager,81
Shooting Stars!,59
Earthfall,61
OmniBus,55
Block'hood,75
Full Metal Furies,85
Zombie Night Terror,81
Oh...Sir! Prototype,64
The Metronomicon: Slay The Dance Floor,79
Light Fall,69
Pavilion,69
Ghost of a Tale,75
Moto Racer  4,47
Everybody's Gone to the Rapture,76
Shadow Tactics: Blades of the Shogun,85
Polaris Sector,76
RESIDENT EVIL 7 biohazard / BIOHAZARD 7 resident evil,83
Rising Storm 2: Vietnam,81
"That Dragon, Cancer",78
Starpoint Gemini Warlords,73
Red Game Without A Great Name,55
Candle,80
OneShot,80
DiRT 4,78
Deponia Doomsday,76
Samorost 3,80
Ray Gigant,55
Goetia,79
Megamagic: Wizards of the Neon Age,67
Devil Daggers,83
Furi,76
ZHEROS,58
Project Highrise,73
The Little Acre,62
Marooners,70
Dinocide,51
Anomaly 1729,49
Wolcen: Lords of Mayhem,60
Little Nightmares,81
Shadwen,53
Ghostbusters™,38
Road to Ballhalla,75
The Order of the Thorne - The King's Challenge,71
Seraph,80
Defragmented,68
Tyran,80
Perception,56
Grow Up,71
8-Bit Armies,69
Orcs Must Die! Unchained,87
Vampyr,72
Dawn of Andromeda,70
Zwei: The Arges Adventure,68
Zwei: The Ilvard Insurrection,79
CALENDULA,67
Hitman GO: Definitive Edition,72
TurnOn,67
Fragments of Him,69
Momodora: Reverie Under The Moonlight,82
Youtubers Life,63
Neon Chrome,74
Project CARS - Pagani Edition,83
Falcon 4.0,85
The Walking Dead: Michonne - A Telltale Miniseries,67
Tales of Berseria™,80
Spellweaver,63
Memoranda,58
Mushroom Wars,80
Phoning Home,61
The Town of Light,64
Warlords Battlecry III,73
Nemesis of the Roman Empire,74
Marvel: Ultimate Alliance,82
Slime Rancher,81
Drawn™: Dark Flight,75
Back in 1995,52
Heliborne,71
Z1 Battle Royale,70
Duke Nukem 3D: 20th Anniversary World Tour,72
imprint-X,72
Octahedron: Transfixed Edition,85
Lichtspeer,72
2Dark,68
Rusty Lake Hotel,65
Divinity: Original Sin 2 - Definitive Edition,93
Hidden Folks,78
Trials of the Blood Dragon,54
The Final Station,76
The Preposterous Awesomeness of Everything,54
Lovely Planet Arcade,78
Detached,67
Children of Zodiarcs,73
Raw Data,87
Diaries of a Spaceport Janitor,69
The Legend of Heroes: Trails in the Sky the 3rd,83
The Lion's Song: Episode 1 - Silence,77
HoPiKo,82
GoNNER,81
Tricky Towers,80
Zenith,57
Valentino Rossi The Game,72
GOD EATER 2 Rage Burst,73
LEGO® STAR WARS™: The Force Awakens,72
Friday the 13th: The Game,61
Stories: The Path of Destinies,74
Until I Have You,69
Atomik: RunGunJumpGun,82
The Count Lucanor,78
Conan Exiles,68
PAC-MAN™ CHAMPIONSHIP EDITION 2,78
Obscuritas,63
I am Setsuna,70
Pinball FX3,89
The Minims,73
DreamBreak,46
Wailing Heights,70
This Is the Police,66
Loot Rascals,71
Paladins®,83
Expeditions: Viking,74
Wizard of Legend,79
Jalopy - Road Trip Car Driving Simulator Indie Game,65
Blade Arcus from Shining: Battle Arena,64
Mantis Burn Racing®,71
Highland Warriors,58
Diluvion: Resubmerged,66
Transport Fever,71
Blossom Tales: The Sleeping King,78
Splasher,79
Farming Simulator 17,69
Watch_Dogs® 2,75
Where the Water Tastes Like Wine,74
Blink,71
Redeemer: Enhanced Edition,64
VA-11 Hall-A: Cyberpunk Bartender Action,77
Day of Infamy,77
Job Simulator,68
Nefarious,67
IS Defense,50
Overload,74
Planar Conquest,53
The Crow's Eye,65
Book of Demons,73
BOOR,71
Creepy Castle,82
Battle Chasers: Nightwar,78
Drawn®: Dark Flight™ Collector's Edition,75
Meridian: Squad 22,56
Demetrios - The BIG Cynical Adventure,72
Ian's Eyes,36
Damsel,65
Koihime Enbu 恋姫†演武,68
UNDER NIGHT IN-BIRTH Exe:Late,81
Skylar & Plux: Adventure On Clover Island,68
Battle Chef Brigade Deluxe,80
Parkitect,83
Blackwood Crossing,70
Dark Fear,66
Days of War: Definitive Edition,60
GIGA WRECKER,75
MilitAnt,41
DRAGON BALL XENOVERSE 2,78
Mainlining,73
Omensight: Definitive Edition,75
Judgment: Apocalypse Survival Simulation,72
The American Dream,72
Hand of Fate 2,80
Oxygen Not Included,86
Mushroom Wars 2,76
March of the Living,63
SpiritSphere DX,64
Auto Age: Standoff,59
Masquerada: Songs and Shadows,64
Allods Online,69
🔴 Circles,76
Guards,49
Breached,54
Song of the Deep,71
Bayonetta,90
Vanquish,78
Steep™,72
Tom Clancy's Ghost Recon® Wildlands,69
Beat Cop,71
Pyre,82
Super Cloudbuilt,76
RUINER,75
Regalia: Of Men and Monarchs,73
Syberia 3,51
Stars in Shadow,75
Surviving Mars,76
Yesterday Origins,74
Out of the Park Baseball 18,86
Franchise Hockey Manager 3,64
Scrap Garden,58
Arelite Core,59
Planescape: Torment: Enhanced Edition,85
Fossil Echo,61
Northgard,80
Impact Winter,63
Super ComboMan: Smash Edition,49
Ultimate Fishing Simulator,70
Phantaruk,53
Rick and Morty: Virtual Rick-ality,75
Linelight,90
Genital Jousting,68
Fable Fortune,63
Event[0],75
She Remembered Caterpillars,82
Seven: Enhanced Edition,68
Slime-san: Superslime Edition,78
Absolver,75
BUTCHER,70
Journey to the Center of the Earth,65
Reigns,77
Quantum Break,66
Titan Quest Anniversary Edition,77
Scanner Sombre,67
Beholder,75
Call of Duty®: WWII,73
The Silver Case,64
Human: Fall Flat,70
Zero Escape: The Nonary Games,86
Ride 2,67
Hunter's Legacy,58
Hide and Shriek,68
Prey,82
The Bunker,57
Night in the Woods,88
Nitroplus Blasterz: Heroines Infinite Duel,63
Aven Colony,65
Talent Not Included,73
Nioh: Complete Edition / 仁王 Complete Edition,84
Super Duper Party Pooper,40
Pirate Pop Plus,65
Agony,47
Left-Hand Path,72
Her Majesty's SPIFFING,60
South Park™: The Fractured But Whole™,81
Knockout League - Arcade VR Boxing,84
Mr. Shifty,70
Brut@l,66
The Elder Scrolls V: Skyrim Special Edition,74
Tokyo 42,70
Orwell: Keeping an Eye On You,77
Bohemian Killing,55
Has-Been Heroes,63
Dynasty Feud,68
RiME,78
Planet Coaster,84
Figment,77
Marvel vs. Capcom: Infinite,69
Dungeons 3,75
ENIGMA:,56
Miniature Garden,66
Barrow Hill: Curse of the Ancient Circle,65
TransRoad: USA,53
Mega Man Legacy Collection 2 / ロックマン クラシックス コレクション 2,73
Disgaea 2 PC,81
Dungeon Fighter Online,78
Shaq Fu: A Legend Reborn,30
Shiny,51
The Challenge,91
Monster Slayers,86
Sorcerer King: Rivals,78
"Gabriel Knight® 3: Blood of the Sacred, Blood of the Damned",80
The Wardrobe - Even Better Edition,72
Batman - The Telltale Series,64
The Turing Test,74
Medieval Kingdom Wars,60
Arcanum: Of Steamworks and Magick Obscura,81
Fishing: Barents Sea,69
What Remains of Edith Finch,89
The Shrouded Isle,69
Bulletstorm: Full Clip Edition,76
Unforeseen Incidents,80
BERSERK and the Band of the Hawk,54
Boulder Dash - 30th Anniversary,64
"Warhammer 40,000: Sanctus Reach",69
SENRAN KAGURA ESTIVAL VERSUS,71
Four Last Things,83
911 Operator,68
Fictorum,64
Railway Empire,74
Celeste,88
Battlerite,85
Detective Hayseed - Hollywood,53
39 Days to Mars,71
Apocalipsis,73
Antihero,81
Holy Potatoes! We’re in Space?!,66
Shadows of Adam,78
Five Nights at Freddy's: Sister Location,62
Downward,77
Ashes of the Singularity: Escalation,81
Wheels of Aurelia,63
Crashday Redline Edition,67
Beachhead 2000,46
The Fall Part 2: Unbound,73
WWE 2K17,61
Beachhead 2002,46
Fate/EXTELLA,80
Unbox: Newbie's Adventure,68
Quern - Undying Thoughts,83
ALICE VR,55
Deadly Dozen,56
Elite Warriors: Vietnam,46
Line of Sight: Vietnam,68
SENRAN KAGURA Bon Appétit! - Full Course,62
Aliens Go Home Run,84
>observer_,78
Bus Simulator 18,67
F1™ 2017,89
Runner3,78
DYSTORIA,72
Redout: Enhanced Edition,81
Ogre,66
Caesar™ IV,74
theHunter: Call of the Wild™,64
DUSK,88
Purrfect Date - Visual Novel/Dating Simulator,72
Strikers Edge,63
Dear Esther: Landmark Edition,75
Hello Neighbor,38
Serial Cleaner,64
A Normal Lost Phone,71
Lust for Darkness,50
Techwars: Global Conflict,61
Emily is Away Too,81
NieR:Automata™,84
The Disney Afternoon Collection,78
LOST SPHEAR,69
.hack//G.U. Last Recode,69
"Guns, Gore and Cannoli 2",80
Octogeddon,82
Pro Cycling Manager 2017,71
The Gallery - Episode 2: Heart of the Emberstone,86
Star Trek™: Bridge Crew,78
For The King,79
Atelier Sophie: The Alchemist of the Mysterious Book,73
Nights of Azure,64
"Warhammer 40,000: Inquisitor - Martyr",67
Solstice Chronicles: MIA,68
Double Dragon IV,50
Shu,85
Behold the Kickmen,58
Rogue Trooper Redux,60
Mutant Football League,74
Mages of Mystralia,74
World to the West,75
Slayaway Camp,83
Resident Evil 7 / Biohazard 7 Teaser: Beginning Hour,83
Empires Apart,68
Tower 57,72
AIRHEART - Tales of broken Wings,62
Rusty Lake: Roots,75
Lethal VR,66
Dark Train,77
CAYNE,75
Don't open the doors!,68
Cursed Castilla (Maldita Castilla EX),81
Pure Farming 2018,69
Domina,73
Sundered®: Eldritch Edition,74
Nidhogg 2,80
Micro Machines World Series,58
Stereo Aereo,58
The Walking Dead: A New Frontier,81
Redie,79
Inner Chains,40
Bomber Crew,75
Bad Dream: Coma,79
The Legend of Heroes: Trails of Cold Steel,80
Future Unfolding,76
Forgotton Anne,76
Bush Hockey League,48
Beat The Game,55
Dead Rising 4,74
METAL GEAR SURVIVE,54
Snake Pass,71
BULLET SOUL / バレットソウル - 弾魂 -,76
Battlestar Galactica Deadlock,77
Darwin Project,74
Milkmaid of the Milky Way,74
BULLET SOUL INFINITE BURST / バレットソウル - インフィニットバースト -,81
NBA Playgrounds,67
The Infectious Madness of Doctor Dekker,78
Voodoo Vince: Remastered,63
Puyo Puyo™Tetris®,78
Fear Effect Sedna,42
Rezrog,70
Army Men II,67
Alwa's Awakening,71
VALKYRIE DRIVE -BHIKKHUNI-,53
Gunheart,83
Toukiden 2,73
The Talos Principle VR,85
Warhammer: Vermintide 2,82
Far Cry® 5,78
The Sexy Brutale,83
ATOM RPG: Post-apocalyptic indie game,70
WORLD OF FINAL FANTASY®,77
World of Warships,81
Realpolitiks,52
ICEY,84
Husk,44
Life is Strange: Before the Storm,77
Detention,83
MachiaVillain,65
Sairento VR,78
Detective Gallo,76
LEGRAND LEGACY: Tale of the Fatebounds,67
99Vidas,69
Gorogoa,84
Giants: Citizen Kabuto,85
Of Light and Darkness,58
Gravel,62
Stories Untold,81
Opus Magnum,90
Rakuen,84
Vampire: The Masquerade - Redemption,74
Ladykiller in a Bind,73
Pillars of Eternity II: Deadfire,88
Warstone TD,70
Ion Fury,79
Bud Spencer & Terence Hill - Slaps And Beans,63
Troll and I™,27
Alone With You,74
The Station,72
Danganronpa V3: Killing Harmony,80
Waking the Glares - Chapters I and II,53
Kingdoms and Castles,72
Thimbleweed Park™,84
Raiden V: Director's Cut | 雷電 V Director's Cut | 雷電V:導演剪輯版,77
X Rebirth VR Edition,33
Laser League,78
Extinction,51
DARK SOULS™: REMASTERED,84
SteamWorld Dig 2,85
Angels with Scaly Wings,67
Call to Power II,72
Steel Division: Normandy 44,83
Nancy Drew®: The Secret of Shadow Ranch,68
Dead In Vinland,74
Aporia: Beyond The Valley,71
AereA,53
The Mooseman,79
I Hate Running Backwards,71
Gladiator: Sword of Vengeance,69
NBA 2K18,87
PLAYERUNKNOWN'S BATTLEGROUNDS,86
LEGO® City Undercover,80
GORN,85
Conquest: Frontier Wars,80
DEFCON VR,84
Ys VIII: Lacrimosa of DANA,69
The Journey Down: Chapter Three,80
Marvel's Guardians of the Galaxy: The Telltale Series,78
Yonder: The Cloud Catcher Chronicles,70
Old Man's Journey,76
Black Mirror,60
Assassin's Creed® Origins,84
Everything,78
Black Desert Online,73
Castle of Shikigami 式神の城,64
The End Is Nigh,84
Sonic Mania,84
Late Shift,79
Leaving Lyndow,74
The Wizards - Enhanced Edition,80
Ys SEVEN,80
Wulverblade,75
Snow Moto Racing Freedom,50
I Expect You To Die,77
OKAMI HD / 大神 絶景版,92
Numantia,57
Pizza Connection 3,55
Fallout Shelter,63
Dead Cells,89
Kingsway,80
Ni no Kuni™ II: Revenant Kingdom,81
The Red Strings Club,80
Into the Breach,90
Sprint Vector,84
Candleman: The Complete Journey,76
Solo,77
PRO EVOLUTION SOCCER 2018,81
Insidia,73
Cat Quest,79
Winds of Change,74
Total War: WARHAMMER II,87
Hunt: Showdown,82
Lionheart: Legacy of the Crusader,57
Immortal Redneck,70
FINAL FANTASY XII THE ZODIAC AGE,83
Gas Guzzlers: Combat Carnage,58
SUNLESS SKIES,87
West of Loathing,87
OVIVO,71
Paradigm,85
The Evil Within 2,80
Plasma Puncher,69
FOX n FORESTS,69
The Low Road,72
Randall,48
Monolith,83
Danger Zone,64
Moonlighter,74
Masters of Anima,71
TARTARUS,59
FAR: Lone Sails,80
Minit,79
Shogo: Mobile Armor Division,88
Fallout 4 VR,78
The Elder Scrolls V: Skyrim VR,81
Dandara: Trials of Fear Edition,70
Bio Inc. Redemption,58
Bokida - Heartfelt Reunion,75
Fallen Legion+,66
Wolfenstein II: The New Colossus,86
House Flipper,68
The Inner World - The Last Wind Monk,79
Deadbeat Heroes,65
Dishonored®: Death of the Outsider™,81
Tower of Time,77
SUPERHOT VR,83
Outcast - Second Contact,68
while True: learn(),73
The Swords of Ditto: Mormo's Curse,74
ATOMEGA,65
Ancestors Legacy,77
Beat Saber,93
Antigraviator,65
Nantucket,74
WRC 7 FIA World Rally Championship,77
Attack of the Earthlings,71
Trailblazers,69
Freaky Awesome,54
Hacktag,73
Mulaka,67
Battlezone: Combat Commander,68
TT Isle of Man Ride on the Edge,68
Sword Art Online: Fatal Bullet,61
Injustice™ 2,86
Bubsy: The Woolies Strike Back,44
All Walls Must Fall - A Tech-Noir Tactics Game,72
Lode Runner Legacy,76
Super Hydorah,82
Lydia,78
Rise of Insanity,62
Vaporum,75
War Tech Fighters,65
The Mummy Demastered,78
Immortal Planet,65
The Fidelio Incident,69
Orwell: Ignorance is Strength,74
Remothered: Tormented Fathers,77
Tannenberg,69
Fall of Light: Darkest Edition,69
Inmates,46
Distrust: Polar Survival,75
Evil Genome 光明重影,47
Last Day of June,75
Tesla vs Lovecraft,73
Safe House,46
Rez Infinite,89
BATTLETECH,78
Sonic Forces,56
FINAL FANTASY XV WINDOWS EDITION,85
Secret of Mana,57
When Ski Lifts Go Wrong,80
Murderous Pursuits,63
Moero Chronicle,64
Capitalism 2,82
Original Journey,66
The Escapists 2,75
Milanoir,75
They Are Billions,77
Past Cure,48
Dead Effect 2 VR,53
Slay the Spire,89
Baobabs Mausoleum Ep.1: Ovnifagos Don´t Eat Flamingos,69
Jurassic World Evolution,69
昔:Yesterday,65
DOOM VFR,69
Halcyon 6: Starbase Commander (LIGHTSPEED EDITION),73
JYDGE,80
Dream Daddy: A Dad Dating Simulator,72
Skeleton Boomerang,60
BLUE REFLECTION / BLUE REFLECTION　幻に舞う少女の剣,61
Samurai Riot,64
Field of Glory II,84
Granado Espada,66
WWE 2K18,64
My Time At Portia,73
Rise of Industry,62
I fell from Grace,62
High Hell,79
AMID EVIL,85
MudRunner,77
Batman: The Enemy Within - The Telltale Series,79
Attentat 1942,75
Subsurface Circular,83
We Were Here Too,69
DRAGON BALL FighterZ,85
Descenders,78
Pato Box,73
GUTS,63
Bridge Constructor Portal,77
Spartan,56
Haunted Dungeons: Hyakki Castle,65
Tokyo Dark,70
Baobabs Mausoleum Ep. 2: 1313 Barnabas Dead End Drive,69
Legendary Gary,78
Darkestville Castle,68
Another Lost Phone: Laura's Story,71
Inked,67
Downward Spiral: Horus Station,65
Killing Floor: Incursion,68
Ash of Gods: Redemption,65
Army Men RTS,67
Smoke and Sacrifice,68
Super Seducer : How to Talk to Girls,35
Bullet Witch,51
Lake Ridden,68
EMPYRE: Lords of the Sea Gates,56
Deep Sky Derelicts,69
Doki Doki Literature Club!,78
Microsoft Allegiance,86
Indygo,70
Hidden & Dangerous: Action Pack,74
Hidden & Dangerous 2: Courage Under Fire,75
The Chronicles of Nyanya,78
Neverwinter Nights: Enhanced Edition,91
Keepsake,68
HELLMUT: The Badass from Hell,68
Fade to Silence,57
CHUCHEL,81
Total War Saga: THRONES OF BRITANNIA,75
Crisis on the Planet of the Apes,54
Exorder,60
A Case of Distrust,77
Reigns: Her Majesty,81
Driftland: The Magic Revival,76
Cultist Simulator,71
Supposedly Wonderful Future,65
L.A. Noire: The VR Case Files,82
Rumu,79
Rigid Force Alpha,69
If Only...,39
Umiro,73
DYNASTY WARRIORS 9,57
The Curse of Monkey Island,89
Creepy Road,58
Monster Prom,73
Wild West Online,29
Space Invaders Extreme,79
Gray Dawn,71
The Legend of Heroes: Trails of Cold Steel II,81
Illusion: A Tale of the Mind,63
TINY METAL,68
Ripped Pants at Work,70
IL-2 Sturmovik: Cliffs of Dover Blitz Edition,60
EMERGENCY 3,58
EMERGENCY 4 Deluxe,71
Albion Online,72
Shantae: Half-Genie Hero Ultimate Edition,76
Sea Dogs,71
Kenshō,75
The Mage's Tale,72
Super Inefficient Golf,69
Distortions,60
The Way of Kings: Escape the Shattered Plains,58
YUMENIKKI -DREAM DIARY-,51
Gleaner Heights,65
Block'hood VR,75
Muv-Luv (マブラヴ),76
Muv-Luv Alternative (マブラヴ オルタネイティヴ),83
Rad Rodgers - Radical Edition,73
Runes of Magic,71
Vandals,74
The Office Quest,72
Supraland,85
Space Hulk: Deathwing - Enhanced Edition,58
LIGHT,49
Mobile Forces,68
Bloodstained: Curse of the Moon,77
Moss,81
Quarantine Circular,73
ReCore: Definitive Edition,58
Guacamelee! 2,84
Unknown Fate,48
The Hex,81
Lost in Harmony,70
Space Hulk: Tactics,73
Haimrik,51
"Warhammer 40,000: Gladius - Relics of War",71
PLANET ALPHA,72
Windlands 2,73
City of the Shroud,57
Frozen Synapse 2,76
State of Mind,69
Deliver Us The Moon,67
"Warhammer 40,000: Mechanicus",78
Traffic Giant,57
Impulsion,79
Art of Murder - FBI Confidential,50
Grimmwood - They Come at Night,73
Creed: Rise to Glory™,84
Gift of Parthax,65
Seeking Dawn: Free to Play Edition,68
THE QUIET MAN™,40
World of Warplanes,69
This Is the Police 2,66
HYPERGUN,62
INSOMNIA: The Ark,54
Aggressors: Ancient Rome,76
Twilight Path,60
Naked Sun,65
Russian Subway Dogs,85
Away,51
Sleep Tight,74
Hellblade: Senua's Sacrifice VR Edition,87
Mega Man 11 / ロックマン11 運命の歯車!!,79
F1 2018,83
11-11 Memories Retold,73
Call of Cthulhu®,67
TSIOQUE,68
Gothic II: Gold Edition,79
Stronghold 2: Steam Edition,63
Aliens: Colonial Marines Collection,45
Sonic & All-Stars Racing Transformed Collection,79
Transcripted,78
Don't Starve,79
Sword of the Stars: The Pit,69
Mortal Kombat Komplete Edition,81
BELOW,67
Chasm,72
Strange Brigade,68
Unavowed,87
Pig Eat Ball,83
Death's Gambit,71
Timespinner,73
Immortal: Unchained,63
Hero-U: Rogue to Redemption,80
DOOM,85
X4: Foundations,59
Budget Cuts,76
Jagged Alliance: Rage!,59
The Banner Saga 3,82
Just Cause 4 Reloaded,68
Wandersong,82
Life is Strange 2,70
Two Point Hospital,83
SOULCALIBUR VI,80
Anamorphine,61
Torn,74
Phantom Doctrine,73
Indiana Jones® and the Emperor's Tomb™,73
The Bard's Tale IV: Barrows Deep,71
Party Hard 2,74
AI War 2,81
MOTHERGUNSHIP,72
Insurgency: Sandstorm,78
MONSTER HUNTER: WORLD,88
Artifact,76
Shadows: Awakening,77
Ys: Memories of Celceta,74
The Blackout Club,63
Graveyard Keeper,69
Megaquarium,69
The Gardens Between,80
Battle Princess Madelyn,73
Darksiders III,70
Steel Rats™,68
Rifter,69
Flipping Death,75
NARUTO TO BORUTO: SHINOBI STRIKER,66
Yakuza 0,86
Youropa,80
Pathfinder: Kingmaker - Enhanced Edition,73
60 Parsecs!,70
The Crew™ 2,66
Transference™,78
My Memory of Us,69
Return of the Obra Dinn,89
Red Faction Guerrilla Re-Mars-tered,67
GRIS,84
Tempest 4000,76
Bad North: Jotunn Edition,74
SINNER: Sacrifice for Redemption,63
Underworld Ascendant,37
The Golf Club™ 2019 featuring PGA TOUR,72
Fell Seal: Arbiter's Mark,82
Semblance,79
Donut County,77
Swords and Soldiers 2 Shawarmageddon,76
Pro Cycling Manager 2018,69
Jimmy and the Pulsating Mass,82
Override: Mech City Brawl,69
The Path of Motus,58
Sniper Rust VR,29
Aggelos,76
Overcooked! 2,80
Escape from Monkey Island™,86
Crash Bandicoot™ N. Sane Trilogy,76
Not Tonight,71
Tales of Vesperia: Definitive Edition,80
Prey: Typhon Hunter,75
Defiance 2050,48
Groove Coaster,78
Shadow of the Tomb Raider: Definitive Edition,77
RIDE 3,70
Mutant Year Zero: Road to Eden,78
Lamplight City,72
Beholder 2,76
The Spectrum Retreat,68
The Messenger,83
Leisure Suit Larry - Wet Dreams Don't Dry,72
Dakar 18,59
PRO EVOLUTION SOCCER 2019,80
Farming Simulator 19,73
Valkyria Chronicles 4 Complete Edition,83
Assetto Corsa Competizione,77
"Bury Me, My Love",80
Shining Resonance Refrain,68
The King's Bird,67
Green Hell,77
LEGO® DC Super-Villains,76
Art of Murder - Hunt for the Puppeteer,56
La-Mulana 2,79
Transpose,79
Art of Murder - Cards of Destiny,57
Chronicles of Mystery - The Tree of Life,64
TANGLEWOOD®,79
NBA 2K19,76
Desert Child,60
The Awesome Adventures of Captain Spirit,79
Touhou: Scarlet Curiosity | 東方紅輝心,65
Super Lucky's Tale,59
Sunset Overdrive,83
Katamari Damacy REROLL,81
My Brother Rabbit,73
Seeking Dawn,68
Mars or Die!,58
KURSK,42
HITMAN™ 2,82
Project Hospital,75
killer7,78
Lovecraft's Untold Stories,77
Achtung! Cthulhu Tactics,56
GARAGE: Bad Trip,63
Metal Fatigue,68
Another Sight - Definitive Edition,67
Catherine Classic,80
Project Warlock,78
Reigns: Game of Thrones,84
The Shapeshifting Detective,66
Reventure,83
魔物讨伐团,86
Iris.Fall,70
STONE,55
Slime-san: Creator,78
Cross Racing Championship Extreme,77
Myst III: Exile,83
Bladed Fury,74
Sea Dogs: City of Abandoned Ships,61
HELLGATE: London,70
Stronghold: A Hero's Fate,81
"The Haunted Island, a Frog Detective Game",73
The Eternal Castle [REMASTERED],73
Thronebreaker: The Witcher Tales,85
SPORE™ Creepy & Cute Parts Pack,53
Penumbra: Requiem,67
SPORE™ Galactic Adventures,70
Ion Assault,62
Operation Flashpoint: Red River,67
Jurassic Park: The Game,54
Dear Esther,75
Hero Academy,75
Mark of the Ninja,91
AirBuccaneers,74
The Raven - Legacy of a Master Thief,74
Jon Shafer's At the Gates,63
Mage's Initiation: Reign of the Elements,70
Star Control®: Origins,75
Dark Future: Blood Red States,78
Shot Online,59
Metro Exodus,82
APE OUT,83
YIIK: A Postmodern RPG,64
Katana ZERO,83
God's Trigger,75
Tropico 6,78
ACE COMBAT™ 7: SKIES UNKNOWN,78
Pathologic 2,69
ToeJam & Earl: Back in the Groove!,76
Siege of Centauri,68
Pathway,68
RAGE 2,73
A Fisherman's Tale,78
Pikuniku,74
Battlefleet Gothic: Armada 2,77
AWAY: Journey to the Unexpected,51
Hell is Other Demons,85
Yuppie Psycho,81
Devil May Cry 5,89
Wargroove,82
Fate/EXTELLA LINK,79
Weedcraft Inc,67
MORDHAU,81
Whispers of a Machine,77
Trials® Rising,83
Cooking Simulator,64
RICO,58
Splitgate: Arena Warfare,68
DiRT Rally 2.0,84
Feudal Alloy,76
BANNERMEN,51
Generation Zero,51
Eternity: The Last Unicorn,39
LEFT ALIVE™,40
Eastshade,78
Dark Devotion,72
Vacation Simulator,77
Sniper Elite V2 Remastered,61
Baba Is You,87
Yag,72
We. The Revolution,75
The Hong Kong Massacre,68
Astrologaster,74
Forager,78
A Plague Tale: Innocence,81
ONE PIECE World Seeker,51
Onimusha: Warlords / 鬼武者,67
Worbital,76
Nelly Cootalot: Spoonbeaks Ahoy! HD,80
The Occupation,68
Draugen,73
Fimbul,50
Rainswept,67
Heaven's Vault,76
Warhammer: Chaosbane,69
Total War: THREE KINGDOMS,85
Unruly Heroes,81
Tech Support: Error Unknown,70
Re-Legion,55
Phoenix Wright: Ace Attorney Trilogy / 逆転裁判123 成歩堂セレクション,80
Detective Di: The Silk Rose Murders | 狄仁杰之锦蔷薇,80
Outward,67
Railroad Corporation,55
SUPER DRAGON BALL HEROES WORLD MISSION,72
Degrees of Separation,74
Sekiro™: Shadows Die Twice,88
JUMP FORCE,60
SpellForce 3: Soul Harvest,80
Tales of the Neon Sea,66
The Stillness of the Wind,76
Yakuza Kiwami,80
DEAD OR ALIVE 6,73
Hypnospace Outlaw,82
Void Bastards,81
Grimshade,53
Dawn of Man,74
Imperator: Rome,76
Irony Curtain: From Matryoshka with Love,81
Guard Duty,73
War Rock,53
The LEGO Movie 2 Videogame,56
Monster Energy Supercross - The Official Videogame 2,80
RESIDENT EVIL 2 / BIOHAZARD RE:2,89
Xenon Racer,64
GOD EATER 3,71
Vambrace: Cold Soul,59
Arcade Spirits,81
Assassin's Creed® III Remastered,75
Gato Roboto,79
OCTOPATH TRAVELER™,80
The Elder Scrolls Online - Elsweyr,80
Yakuza Kiwami 2,82
Swag and Sorcery,51
American Fugitive,66
Townsmen - A Kingdom Rebuilt,60
The Textorcist: The Story of Ray Bibbia,78
Unheard,72
Druidstone: The Secret of the Menhir Forest,79
The Settlers® : Heritage of Kings - History Edition,58
The Settlers® : Rise of an Empire - History Edition,66
Mortal Kombat 11,82
One Finger Death Punch 2,83
Conan Unconquered,62
Pagan Online,64
圣女战旗 Banner of the Maid,69
CONTINUE,62
Angry Birds VR: Isle of Pigs,78
Blood: Fresh Supply™,77
AUDICA: Rhythm Shooter,77
Conglomerate 451,64
Layers of Fear 2,70
Survivor,26
Alt-Frequencies,65
Atelier Lulua ~The Scion of Arland~ / ルルアのアトリエ ～アーランドの錬金術士４～,79
ISLANDERS,82
Trover Saves the Universe,77
Devolver Bootleg,69
Shattered Horizon,72
Emergency 2012,61
Batman: Arkham City,91
Virtua Tennis 4™,66
The Political Machine,54
Children of Morta,82
The Church in the Darkness ™,65
Mosaic,70
Overland,69
Star Control III,89
Tangle Tower,74
Leap of Fate,80
LOST ORBIT: Terminal Velocity,76
Indivisible,78
The Bradwell Conspiracy,65
DARQ,70
Monster Boy and the Cursed Kingdom,82
LUNA The Shadow Dust,75
The Pedestrian,81
Football Manager 2017,80
Elsinore,68
Police Stories,75
Vicious Circle,58
My Friend Pedro,81
LOST EMBER,78
Mable & The Wood,62
Little Big Workshop,77
Knights And Bikes,79
Valfaris,86
GreedFall,72
Blazing Chrome,79
Remnant: From the Ashes,78
Forged of Blood,57
Horace,81
Disco Elysium,91
The Surge 2,76
Ashen,81
Espire 1: VR Operative,66
CODE VEIN,71
Swords & Souls: Neverseen,70
Night Call,68
Nowhere Prophet,73
Trine 4: The Nightmare Prince,81
Bloodstained: Ritual of the Night,83
Argonus and the Gods of Stone,68
Planet Zoo,81
GRID,87
Darksiders Genesis,77
Lonely Mountains: Downhill,79
Little Misfortune,57
Eliza,84
Age of Wonders: Planetfall,81
RAD,71
SD GUNDAM G GENERATION CROSS RAYS,71
Black Future '88,74
Telling Lies,84
Overpass,63
Blasphemous,77
Stygian: Reign of the Old Ones,81
FRACTER,64
The Beast Inside,74
Neo Cab,76
Ni no Kuni Wrath of the White Witch™ Remastered,82
Headspun,51
Unity of Command II,88
Etherborn,69
Age of Empires II: Definitive Edition,84
Mythic Ocean,84
Battlewake,70
Metal Wolf Chaos XD,65
BONEWORKS,72
Celtic Kings: Rage of War,82
SolSeraph,63
DRAW CHILLY,78
Daymare: 1998,62
Yooka-Laylee and the Impossible Lair,81
Pride Run,69
DRAGON BALL Z: KAKAROT,74
Creature in the Well,82
Dicey Dungeons,80
Fallback,72
We Were Here Together,78
Crossroads Inn,59
ROMANCE OF THE THREE KINGDOMS XIV,62
Crying Suns,75
Ministry of Broadcast,67
Football Drama,63
The Station VR,72
Six Ages: Ride Like the Wind,87
Nom Nom Apocalypse,44
Devil's Hunt,47
Chook & Sosig: Walk the Plank,78
Heave Ho,76
Summer Catchers,61
Skybolt Zack,73
Gibbous -  A Cthulhu Adventure,74
Narcos: Rise of the Cartels,45
Cat Quest II,76
Coffee Talk,75
Everreach: Project Eden,45
The Walking Dead: Saints & Sinners,81
Felix The Reaper,71
Steel Division 2,73
Virgo Versus The Zodiac,83
F1® 2019,87
Pro Cycling Manager 2019,66
Corpse Party 2: Dead Patient,67
FIA European Truck Racing Championship,68
Minoria,73
Sparklite,70
Angelo and Deemon: One Hell of a Quest,53
Here Be Dragons,71
Wizardry: Labyrinth of Lost Souls,61
Terminator: Resistance,60
Edna & Harvey: The Breakout - Anniversary Edition,56
Apsulov: End of Gods,71
Speaking Simulator,56
The Wanderer: Frankenstein’s Creature,69
The Blind Prophet,68
Rebel Cops,69
Sniper Ghost Warrior Contracts,71
Silver Chains,51
Effie,70
Autonauts,80
Automachef,71
AVICII Invector,79
ONINAKI,72
Borderlands 2 VR,89
Lightmatter,73
eFootball  PES 2020,81
Spyro™ Reignited Trilogy,75
KUNAI,79
Through the Darkest of Times,71
Blacksad: Under the Skin,65
The Jackbox Party Pack 6,80
EARTH DEFENSE FORCE 5,76
SIMULACRA 2,69
Field of Glory: Empires,76
Moons of Madness,69
WWE 2K20,43
Interrogation: You will be deceived,67
The Great Perhaps,54
Age of Empires: Definitive Edition,69
Table Manners: Physics-Based Dating Game,53
Lovely Planet 2: April Skies,69
Ultimate Fishing Simulator VR,70
Fantasy General II,80
Battle Realms: Zen Edition,82
WARSAW,62
FINAL FANTASY VIII - REMASTERED,73
Journey For Elysium,63
EARTH DEFENSE FORCE: IRON RAIN,65
Orangeblood,55
The Coma 2: Vicious Sisters,77
Frog Detective 2: The Case of the Invisible Wizard,81
Pilgrims,78
Wanderlust: Travel Stories,79
Croixleur Sigma - Deluxe Edition,56
Tank battle,69
A Short Hike,78
Wolfenstein: Youngblood,69
Wolfenstein: Cyberpilot,54
The Suicide of Rachel Foster,62
Lair of the Clockwork God,84
KATANA KAMI: A Way of the Samurai Story,64
Vane,63
Still There,77
A Place for the Unwilling,73
Transport Fever 2,76
DRAGON QUEST BUILDERS™ 2,85
AO Tennis 2,65
Doctor Who: The Edge Of Time,60
Dry Drowning,68
Pistol Whip,82
Mutazione,79
OUTBUDDIES,66
Destiny 2,83
198X,63
Groundhog Day: Like Father Like Son,71
NBA 2K20,74
Monster Energy Supercross - The Official Videogame 3,72
The Bard's Tale IV: Director's Cut,84
Budget Cuts 2: Mission Insolvency,74
Blair Witch,69
Vampire: The Masquerade - Coteries of New York,70
SONG OF HORROR,71
The Dark Crystal: Age of Resistance Tactics,67
Stranger Things 3: The Game,62
Gears 5,82
ZomB,65
The Curious Tale of the Stolen Pets,73
Commandos 2 - HD Remaster,60
Praetorians - HD Remaster,56
Football Manager 2020,84
TINY METAL: FULL METAL RUMBLE,70
Crime Cities,71
Deep Sea Tycoon: Diver's Paradise,43
Shovel Knight Showdown,65
Shovel Knight: King of Cards,84
Atelier Ryza: Ever Darkness & the Secret Hideout,75
"I Love You, Colonel Sanders! A Finger Lickin’ Good Dating Simulator",50
Giraffe and Annika,70
Bookbound Brigade,63
Kingdom Under Fire 2,62
Men of War: Assault Squad 2 - Cold War,41
The Legend of Bum-Bo,73
VVVVV,81
The Exorcist: Legion VR (Deluxe Edition),79
Eidolon,64
DAEMON X MACHINA,71
STAR WARS Jedi: Fallen Order™,81
Red Dead Redemption 2,93
Layers of Fear VR,72
Blink Cam,71
Taur,70
Fallout: New Vegas,84
Championship Manager 2007,68
Championship Manager 2008,68
Guild Wars<sup>®</sup> Game of the Year Edition,89
Guild Wars Factions<sup>®</sup>,84
Guild Wars Nightfall<sup>®</sup>,84
The Cursed Crusade,55
Dishonored,91
TERA: The Next,77
Borderlands 3,81
Sometimes Always Monsters,73
State of Decay 2: Juggernaut Edition,69
Half-Life: Alyx,93
Genesis Alpha One Deluxe Edition,67
DOOM Eternal,88
Chime Sharp Game Composer Edition,85
Wasteland Remastered,62
In Other Waters,75
THE LONGING,78
Iron Danger,74
BEAUTIFUL DESOLATION,81
Broken Lines,78
RESIDENT EVIL 3,78
One Step From Eden,83
Operencia: The Stolen Sun,78
Stela,73
Warlander,59
Ori and the Will of the Wisps,89
MY HERO ONE'S JUSTICE 2,68
Biped,79
Panzer Corps 2,84
TT Isle of Man Ride on the Edge 2,70
The Room VR: A Dark Matter,79
The Complex,63
"Yes, Your Grace",73
Kingdom Under Fire: The Crusaders,64
Curse of the Dead Gods,77
Murder by Numbers,79
Bleeding Edge,61
Exit the Gungeon,69
One Shot,80
Submarine Titans,69
